https://www.tripadvisor.com/Restaurant_Review-g1407334-d15010432-Reviews-Cosmic_Power_Woody_Cottage-Mirissa_Southern_Province.html,0
https://www.tripadvisor.com/Restaurant_Review-g1407334-d12794842-Reviews-Dhana_s_Curry_Pot-Mirissa_Southern_Province.html,0
https://www.tripadvisor.com/Restaurant_Review-g1407334-d2007581-Reviews-Dewmini_Roti_Shop-Mirissa_Southern_Province.html,0
https://www.tripadvisor.com/Restaurant_Review-g1407334-d12330698-Reviews-Ambrosia_Roti_Shop-Mirissa_Southern_Province.html,0
https://www.tripadvisor.com/Restaurant_Review-g1407334-d12834386-Reviews-Big_Belly_Restaurant-Mirissa_Southern_Province.html,0
https://www.tripadvisor.com/Restaurant_Review-g1407334-d15266130-Reviews-101_Restaurant-Mirissa_Southern_Province.html,0
https://www.tripadvisor.com/Restaurant_Review-g1407334-d13972221-Reviews-O_Mirissa_Cafe_Bistro-Mirissa_Southern_Province.html,0
https://www.tripadvisor.com/Restaurant_Review-g1407334-d8750135-Reviews-Papa_Mango_Seafood_Restaurant-Mirissa_Southern_Province.html,0
https://www.tripadvisor.com/Restaurant_Review-g1407334-d15073416-Reviews-Tandoori_chicken_mirissa-Mirissa_Southern_Province.html,0
https://www.tripadvisor.com/Restaurant_Review-g1407334-d7809801-Reviews-Palm_Villa-Mirissa_Southern_Province.html,0
https://www.tripadvisor.com/Restaurant_Review-g612380-d25106803-Reviews-Mama_Roma_Italian_Cuisine-Weligama_Matara_Southern_Province.html,0
https://www.tripadvisor.com/Restaurant_Review-g1407334-d14015627-Reviews-DelTano_s_Wood_Fired_Pizza_Pasta-Mirissa_Southern_Province.html,0
https://www.tripadvisor.com/Restaurant_Review-g1407334-d13972221-Reviews-O_Mirissa_Cafe_Bistro-Mirissa_Southern_Province.html,0
https://www.tripadvisor.com/Restaurant_Review-g1407334-d17393122-Reviews-Petti_Petti_Mirissa-Mirissa_Southern_Province.html,0
https://www.tripadvisor.com/Restaurant_Review-g1407334-d13382970-Reviews-Roti_Shop_Mirissa-Mirissa_Southern_Province.html,0
https://www.tripadvisor.com/Restaurant_Review-g1407334-d15266130-Reviews-101_Restaurant-Mirissa_Southern_Province.html,0
https://www.tripadvisor.com/Restaurant_Review-g1407334-d15838534-Reviews-Mirissa_Randiya_Sea_Food_Restaurant_Coffee_Pub-Mirissa_Southern_Province.html,0
https://www.tripadvisor.com/Restaurant_Review-g1407334-d18995843-Reviews-W_D_restaurant-Mirissa_Southern_Province.html,0
https://www.tripadvisor.com/Restaurant_Review-g1407334-d11947840-Reviews-Hangover_Cafe-Mirissa_Southern_Province.html,0
https://www.tripadvisor.com/Restaurant_Review-g1407334-d8750135-Reviews-Papa_Mango_Seafood_Restaurant-Mirissa_Southern_Province.html,0
https://www.tripadvisor.com/Restaurant_Review-g1407334-d8654466-Reviews-Margherita_Italiano_Restaurant-Mirissa_Southern_Province.html,0
https://www.tripadvisor.com/Restaurant_Review-g1407334-d24025739-Reviews-Barista_Mirissa-Mirissa_Southern_Province.html,0
https://www.tripadvisor.com/Restaurant_Review-g1407334-d15010432-Reviews-Cosmic_Power_Woody_Cottage-Mirissa_Southern_Province.html,0
https://www.tripadvisor.com/Restaurant_Review-g1407334-d15594168-Reviews-Ceylon_Curry_House-Mirissa_Southern_Province.html,0
https://www.tripadvisor.com/Restaurant_Review-g1407334-d12381069-Reviews-Coco_Gate-Mirissa_Southern_Province.html,0
https://www.tripadvisor.com/Restaurant_Review-g1407334-d12794842-Reviews-Dhana_s_Curry_Pot-Mirissa_Southern_Province.html,0
https://www.tripadvisor.com/Restaurant_Review-g1407334-d13126071-Reviews-Turtle_Bay_Beach_Restaurant-Mirissa_Southern_Province.html,0
https://www.tripadvisor.com/Restaurant_Review-g1407334-d15073416-Reviews-Tandoori_chicken_mirissa-Mirissa_Southern_Province.html,0
https://www.tripadvisor.com/Restaurant_Review-g1407334-d2007581-Reviews-Dewmini_Roti_Shop-Mirissa_Southern_Province.html,0
https://www.tripadvisor.com/Restaurant_Review-g1407334-d15833016-Reviews-Fresh_Wave_Restaurant_and_Bar-Mirissa_Southern_Province.html,0
https://www.tripadvisor.com/Restaurant_Review-g1407334-d13073957-Reviews-Shady_Lane_Mirissa-Mirissa_Southern_Province.html,0
https://www.tripadvisor.com/Restaurant_Review-g1407334-d25172550-Reviews-Hey_Mama-Mirissa_Southern_Province.html,0
https://www.tripadvisor.com/Restaurant_Review-g1407334-d14015627-Reviews-DelTano_s_Wood_Fired_Pizza_Pasta-Mirissa_Southern_Province.html,0
https://www.tripadvisor.com/Restaurant_Review-g1407334-d13972221-Reviews-O_Mirissa_Cafe_Bistro-Mirissa_Southern_Province.html,0
https://www.tripadvisor.com/Restaurant_Review-g1407334-d12381069-Reviews-Coco_Gate-Mirissa_Southern_Province.html,0
https://www.tripadvisor.com/Restaurant_Review-g1407334-d12794842-Reviews-Dhana_s_Curry_Pot-Mirissa_Southern_Province.html,0
https://www.tripadvisor.com/Restaurant_Review-g1407334-d15594168-Reviews-Ceylon_Curry_House-Mirissa_Southern_Province.html,0
https://www.tripadvisor.com/Restaurant_Review-g1407334-d15833016-Reviews-Fresh_Wave_Restaurant_and_Bar-Mirissa_Southern_Province.html,0
https://www.tripadvisor.com/Restaurant_Review-g1407334-d26766900-Reviews-Lolami_Cafe-Mirissa_Southern_Province.html,0
https://www.tripadvisor.com/Restaurant_Review-g1407334-d15010432-Reviews-Cosmic_Power_Woody_Cottage-Mirissa_Southern_Province.html,0
https://www.tripadvisor.com/Restaurant_Review-g1407334-d15073416-Reviews-Tandoori_chicken_mirissa-Mirissa_Southern_Province.html,0
https://www.tripadvisor.com/Restaurant_Review-g1407334-d12330698-Reviews-Ambrosia_Roti_Shop-Mirissa_Southern_Province.html,0
https://www.tripadvisor.com/Restaurant_Review-g1407334-d26766900-Reviews-Lolami_Cafe-Mirissa_Southern_Province.html,0
https://www.tripadvisor.com/Restaurant_Review-g1407334-d27166245-Reviews-Kiki_s_Kitchen_And_Diner-Mirissa_Southern_Province.html,0
https://www.tripadvisor.com/Restaurant_Review-g1407334-d25297966-Reviews-Curry_Gedara_Mirissa-Mirissa_Southern_Province.html,0
https://www.tripadvisor.com/Restaurant_Review-g1407334-d26251896-Reviews-AMI_Mirissa-Mirissa_Southern_Province.html,0
https://www.tripadvisor.com/Restaurant_Review-g1407334-d12220498-Reviews-Little_Thailand-Mirissa_Southern_Province.html,0
https://www.tripadvisor.com/Restaurant_Review-g1407334-d26670625-Reviews-A_Cafe_Mirissa-Mirissa_Southern_Province.html,0
https://www.tripadvisor.com/Restaurant_Review-g1407334-d23840894-Reviews-Hello_Shawarma-Mirissa_Southern_Province.html,0
https://www.tripadvisor.com/Restaurant_Review-g1407334-d27437692-Reviews-Jungle_Soul-Mirissa_Southern_Province.html,0
https://www.tripadvisor.com/Restaurant_Review-g1407334-d26772570-Reviews-Nautica_Mirissa-Mirissa_Southern_Province.html,0
https://www.tripadvisor.com/Restaurant_Review-g1407334-d27045849-Reviews-Quick_N_Easy_Restaurant-Mirissa_Southern_Province.html,0
https://www.tripadvisor.com/Restaurant_Review-g612380-d21373696-Reviews-Layback_Rooftop_Cafe_Restaurant_Bar_part_of_Layback_surf_camp-Weligama_Matara_So.html,0
https://www.tripadvisor.com/Restaurant_Review-g1407334-d26766900-Reviews-Lolami_Cafe-Mirissa_Southern_Province.html,0
https://www.tripadvisor.com/Restaurant_Review-g1407334-d13972221-Reviews-O_Mirissa_Cafe_Bistro-Mirissa_Southern_Province.html,0
https://www.tripadvisor.com/Restaurant_Review-g1407334-d15010432-Reviews-Cosmic_Power_Woody_Cottage-Mirissa_Southern_Province.html,0
https://www.tripadvisor.com/Restaurant_Review-g1407334-d12381069-Reviews-Coco_Gate-Mirissa_Southern_Province.html,0
https://www.tripadvisor.com/Restaurant_Review-g1407334-d12794842-Reviews-Dhana_s_Curry_Pot-Mirissa_Southern_Province.html,0
https://www.tripadvisor.com/Restaurant_Review-g1407334-d13126071-Reviews-Turtle_Bay_Beach_Restaurant-Mirissa_Southern_Province.html,0
https://www.tripadvisor.com/Restaurant_Review-g1407334-d2007581-Reviews-Dewmini_Roti_Shop-Mirissa_Southern_Province.html,0
https://www.tripadvisor.com/Restaurant_Review-g1407334-d17393122-Reviews-Petti_Petti_Mirissa-Mirissa_Southern_Province.html,0
https://www.tripadvisor.com/Restaurant_Review-g1407334-d15833016-Reviews-Fresh_Wave_Restaurant_and_Bar-Mirissa_Southern_Province.html,0
https://www.tripadvisor.com/Restaurant_Review-g1407334-d13073957-Reviews-Shady_Lane_Mirissa-Mirissa_Southern_Province.html,0
