https://www.tripadvisor.com/Restaurant_Review-g644046-d15581793-Reviews-Hiriketiya_Seafood_Restaurant-Dikwella_Southern_Province.html,0
https://www.tripadvisor.com/Restaurant_Review-g644046-d13136431-Reviews-Blue_Bay_Chillout_Lounge-Dikwella_Southern_Province.html,0
https://www.tripadvisor.com/Restaurant_Review-g644046-d19945950-Reviews-Marindi-Dikwella_Southern_Province.html,0
https://www.tripadvisor.com/Restaurant_Review-g644046-d27117059-Reviews-Ohasi_s_Place-Dikwella_Southern_Province.html,0
https://www.tripadvisor.com/Restaurant_Review-g644046-d15579105-Reviews-Garlic_Cafe-Dikwella_Southern_Province.html,0
https://www.tripadvisor.com/Restaurant_Review-g644046-d20145032-Reviews-Smoke_Bitters-Dikwella_Southern_Province.html,0
https://www.tripadvisor.com/Restaurant_Review-g644046-d19244591-Reviews-360_Seacoast-Dikwella_Southern_Province.html,0
https://www.tripadvisor.com/Restaurant_Review-g644046-d12174729-Reviews-Salt_House_Cafe-Dikwella_Southern_Province.html,0
https://www.tripadvisor.com/Restaurant_Review-g644046-d24033529-Reviews-Clear_Point_Hiriketiya-Dikwella_Southern_Province.html,0
https://www.tripadvisor.com/Restaurant_Review-g644046-d15515277-Reviews-Hiri_Five_80-Dikwella_Southern_Province.html,0
https://www.tripadvisor.com/Restaurant_Review-g644046-d17804138-Reviews-Mond-Dikwella_Southern_Province.html,0
https://www.tripadvisor.com/Restaurant_Review-g644046-d12412843-Reviews-Sea_View_Clay_House_Restaurant-Dikwella_Southern_Province.html,0
https://www.tripadvisor.com/Restaurant_Review-g644046-d19761515-Reviews-Freedom_Cafe-Dikwella_Southern_Province.html,0
https://www.tripadvisor.com/Restaurant_Review-g644046-d7046659-Reviews-Blue_Beach_Paradise-Dikwella_Southern_Province.html,0
https://www.tripadvisor.com/Restaurant_Review-g644046-d15581793-Reviews-Hiriketiya_Seafood_Restaurant-Dikwella_Southern_Province.html,0
https://www.tripadvisor.com/Restaurant_Review-g644046-d12652923-Reviews-Dots_Bay_House-Dikwella_Southern_Province.html,0
https://www.tripadvisor.com/Restaurant_Review-g644046-d13136431-Reviews-Blue_Bay_Chillout_Lounge-Dikwella_Southern_Province.html,0
https://www.tripadvisor.com/Restaurant_Review-g644046-d13297214-Reviews-Mahi_Mahi-Dikwella_Southern_Province.html,0
https://www.tripadvisor.com/Restaurant_Review-g644046-d15769801-Reviews-Malu_Poke_Hiriketiya-Dikwella_Southern_Province.html,0
https://www.tripadvisor.com/Restaurant_Review-g644046-d12293660-Reviews-Surf_Cafe-Dikwella_Southern_Province.html,0
https://www.tripadvisor.com/Restaurant_Review-g644046-d15755470-Reviews-Fish_Tales_Hiriketiya-Dikwella_Southern_Province.html,0
https://www.tripadvisor.com/Restaurant_Review-g644046-d19945950-Reviews-Marindi-Dikwella_Southern_Province.html,0
https://www.tripadvisor.com/Restaurant_Review-g644046-d25383231-Reviews-Rosie_s_Kitchen-Dikwella_Southern_Province.html,0
https://www.tripadvisor.com/Restaurant_Review-g644046-d23808015-Reviews-The_Backyard_Hiriketiya-Dikwella_Southern_Province.html,0
https://www.tripadvisor.com/Restaurant_Review-g644046-d15579105-Reviews-Garlic_Cafe-Dikwella_Southern_Province.html,0
https://www.tripadvisor.com/Restaurant_Review-g644046-d15581793-Reviews-Hiriketiya_Seafood_Restaurant-Dikwella_Southern_Province.html,0
https://www.tripadvisor.com/Restaurant_Review-g644046-d19244591-Reviews-360_Seacoast-Dikwella_Southern_Province.html,0
https://www.tripadvisor.com/Restaurant_Review-g644046-d15769801-Reviews-Malu_Poke_Hiriketiya-Dikwella_Southern_Province.html,0
https://www.tripadvisor.com/Restaurant_Review-g644046-d13136431-Reviews-Blue_Bay_Chillout_Lounge-Dikwella_Southern_Province.html,0
https://www.tripadvisor.com/Restaurant_Review-g644046-d12174729-Reviews-Salt_House_Cafe-Dikwella_Southern_Province.html,0
https://www.tripadvisor.com/Restaurant_Review-g644046-d13297214-Reviews-Mahi_Mahi-Dikwella_Southern_Province.html,0
https://www.tripadvisor.com/Restaurant_Review-g644046-d15755470-Reviews-Fish_Tales_Hiriketiya-Dikwella_Southern_Province.html,0
https://www.tripadvisor.com/Restaurant_Review-g644046-d12293660-Reviews-Surf_Cafe-Dikwella_Southern_Province.html,0
https://www.tripadvisor.com/Restaurant_Review-g644046-d24033529-Reviews-Clear_Point_Hiriketiya-Dikwella_Southern_Province.html,0
https://www.tripadvisor.com/Restaurant_Review-g644046-d12293660-Reviews-Surf_Cafe-Dikwella_Southern_Province.html,0
https://www.tripadvisor.com/Restaurant_Review-g644046-d25156599-Reviews-The_White_Peacock_Vegan_Cafe-Dikwella_Southern_Province.html,0
https://www.tripadvisor.com/Restaurant_Review-g644046-d27118468-Reviews-Chuty_s_cafe_restaurant-Dikwella_Southern_Province.html,0
https://www.tripadvisor.com/Restaurant_Review-g644046-d16727366-Reviews-Spicy_Garden_and_Restaurant-Dikwella_Southern_Province.html,0
https://www.tripadvisor.com/Restaurant_Review-g644046-d27137701-Reviews-Yuzu_Sushi_Bar-Dikwella_Southern_Province.html,0
https://www.tripadvisor.com/Restaurant_Review-g644046-d26792267-Reviews-Blue_beach_Resaturant-Dikwella_Southern_Province.html,0
https://www.tripadvisor.com/Restaurant_Review-g644046-d26842089-Reviews-Bay_hiriketiya_cafe_and_restaurant-Dikwella_Southern_Province.html,0
https://www.tripadvisor.com/Restaurant_Review-g644046-d27131164-Reviews-Food_Home_Hiriketiya-Dikwella_Southern_Province.html,0
https://www.tripadvisor.com/Restaurant_Review-g644046-d27150501-Reviews-Vegan_Cafe-Dikwella_Southern_Province.html,0
https://www.tripadvisor.com/Restaurant_Review-g644046-d26637050-Reviews-Dikwella_Surf_N_Seafood-Dikwella_Southern_Province.html,0
https://www.tripadvisor.com/Restaurant_Review-g644046-d12652923-Reviews-Dots_Bay_House-Dikwella_Southern_Province.html,0
https://www.tripadvisor.com/Restaurant_Review-g644046-d13136431-Reviews-Blue_Bay_Chillout_Lounge-Dikwella_Southern_Province.html,0
https://www.tripadvisor.com/Restaurant_Review-g644046-d19244591-Reviews-360_Seacoast-Dikwella_Southern_Province.html,0
https://www.tripadvisor.com/Restaurant_Review-g644046-d12174729-Reviews-Salt_House_Cafe-Dikwella_Southern_Province.html,0
https://www.tripadvisor.com/Restaurant_Review-g644046-d13297214-Reviews-Mahi_Mahi-Dikwella_Southern_Province.html,0
https://www.tripadvisor.com/Restaurant_Review-g644046-d15769801-Reviews-Malu_Poke_Hiriketiya-Dikwella_Southern_Province.html,0
https://www.tripadvisor.com/Restaurant_Review-g644046-d19945950-Reviews-Marindi-Dikwella_Southern_Province.html,0
https://www.tripadvisor.com/Restaurant_Review-g644046-d23808015-Reviews-The_Backyard_Hiriketiya-Dikwella_Southern_Province.html,0
https://www.tripadvisor.com/Restaurant_Review-g644046-d15515277-Reviews-Hiri_Five_80-Dikwella_Southern_Province.html,0
https://www.tripadvisor.com/Restaurant_Review-g644046-d13160982-Reviews-Waka_Surf-Dikwella_Southern_Province.html,0
