https://www.tripadvisor.com/Restaurant_Review-g616035-d9813968-Reviews-Matey_Hut-Ella_Uva_Province.html,0
https://www.tripadvisor.com/Restaurant_Review-g616035-d14905865-Reviews-The_Kitchen_Garden-Ella_Uva_Province.html,0
https://www.tripadvisor.com/Restaurant_Review-g616035-d14023508-Reviews-La_Mensa-Ella_Uva_Province.html,0
https://www.tripadvisor.com/Restaurant_Review-g616035-d2051648-Reviews-Cafe_Chill-Ella_Uva_Province.html,0
https://www.tripadvisor.com/Restaurant_Review-g616035-d10083168-Reviews-Raha_Ella_Sri_Lanka-Ella_Uva_Province.html,0
https://www.tripadvisor.com/Restaurant_Review-g616035-d8051165-Reviews-Lanka_Restaurant-Ella_Uva_Province.html,0
https://www.tripadvisor.com/Restaurant_Review-g616035-d2218646-Reviews-Jade_Green_Tea_Centre_Restaurant-Ella_Uva_Province.html,0
https://www.tripadvisor.com/Restaurant_Review-g616035-d26246005-Reviews-Beyond_Nomad_Cafe-Ella_Uva_Province.html,0
https://www.tripadvisor.com/Restaurant_Review-g616035-d9722251-Reviews-Cafe_C_Ella-Ella_Uva_Province.html,0
https://www.tripadvisor.com/Restaurant_Review-g616035-d2259243-Reviews-Adam_s_Breeze-Ella_Uva_Province.html,0
https://www.tripadvisor.com/Restaurant_Review-g616035-d2051648-Reviews-Cafe_Chill-Ella_Uva_Province.html,0
https://www.tripadvisor.com/Restaurant_Review-g616035-d12081184-Reviews-Cafe_One_Love-Ella_Uva_Province.html,0
https://www.tripadvisor.com/Restaurant_Review-g616035-d14762812-Reviews-The_Barn_by_Starbeans-Ella_Uva_Province.html,0
https://www.tripadvisor.com/Restaurant_Review-g616035-d6821703-Reviews-AK_Ristoro-Ella_Uva_Province.html,0
https://www.tripadvisor.com/Restaurant_Review-g616035-d11850226-Reviews-Rainbow_Cafe-Ella_Uva_Province.html,0
https://www.tripadvisor.com/Restaurant_Review-g616035-d26246005-Reviews-Beyond_Nomad_Cafe-Ella_Uva_Province.html,0
https://www.tripadvisor.com/Restaurant_Review-g616035-d11910702-Reviews-360_Ella-Ella_Uva_Province.html,0
https://www.tripadvisor.com/Restaurant_Review-g616035-d1146348-Reviews-Dream_Cafe-Ella_Uva_Province.html,0
https://www.tripadvisor.com/Restaurant_Review-g616035-d10701274-Reviews-Cafe_Guru-Ella_Uva_Province.html,0
https://www.tripadvisor.com/Restaurant_Review-g616035-d4476469-Reviews-Ella_Flower_Garden_Restaurant-Ella_Uva_Province.html,0
https://www.tripadvisor.com/Restaurant_Review-g616035-d9813968-Reviews-Matey_Hut-Ella_Uva_Province.html,0
https://www.tripadvisor.com/Restaurant_Review-g616035-d14905865-Reviews-The_Kitchen_Garden-Ella_Uva_Province.html,0
https://www.tripadvisor.com/Restaurant_Review-g616035-d6892248-Reviews-Hiking_Bar_Restaurant-Ella_Uva_Province.html,0
https://www.tripadvisor.com/Restaurant_Review-g616035-d14211563-Reviews-Mandala_Cafe_Bar-Ella_Uva_Province.html,0
https://www.tripadvisor.com/Restaurant_Review-g616035-d19508426-Reviews-Cafe_Samsara-Ella_Uva_Province.html,0
https://www.tripadvisor.com/Restaurant_Review-g616035-d15687500-Reviews-Cafe_Eden-Ella_Uva_Province.html,0
https://www.tripadvisor.com/Restaurant_Review-g616035-d12918447-Reviews-MozzarElla-Ella_Uva_Province.html,0
https://www.tripadvisor.com/Restaurant_Review-g616035-d14023508-Reviews-La_Mensa-Ella_Uva_Province.html,0
https://www.tripadvisor.com/Restaurant_Review-g616035-d8051165-Reviews-Lanka_Restaurant-Ella_Uva_Province.html,0
https://www.tripadvisor.com/Restaurant_Review-g616035-d14971835-Reviews-Center_Point_Cafe_Lounge-Ella_Uva_Province.html,0
https://www.tripadvisor.com/Restaurant_Review-g616035-d6821703-Reviews-AK_Ristoro-Ella_Uva_Province.html,0
https://www.tripadvisor.com/Restaurant_Review-g616035-d2051648-Reviews-Cafe_Chill-Ella_Uva_Province.html,0
https://www.tripadvisor.com/Restaurant_Review-g616035-d11850226-Reviews-Rainbow_Cafe-Ella_Uva_Province.html,0
https://www.tripadvisor.com/Restaurant_Review-g616035-d14905865-Reviews-The_Kitchen_Garden-Ella_Uva_Province.html,0
https://www.tripadvisor.com/Restaurant_Review-g616035-d10083168-Reviews-Raha_Ella_Sri_Lanka-Ella_Uva_Province.html,0
https://www.tripadvisor.com/Restaurant_Review-g616035-d6892248-Reviews-Hiking_Bar_Restaurant-Ella_Uva_Province.html,0
https://www.tripadvisor.com/Restaurant_Review-g616035-d15687500-Reviews-Cafe_Eden-Ella_Uva_Province.html,0
https://www.tripadvisor.com/Restaurant_Review-g616035-d16640610-Reviews-Cafe_UFO-Ella_Uva_Province.html,0
https://www.tripadvisor.com/Restaurant_Review-g616035-d11910702-Reviews-360_Ella-Ella_Uva_Province.html,0
https://www.tripadvisor.com/Restaurant_Review-g616035-d14023508-Reviews-La_Mensa-Ella_Uva_Province.html,0
https://www.tripadvisor.com/Restaurant_Review-g616035-d26246005-Reviews-Beyond_Nomad_Cafe-Ella_Uva_Province.html,0
https://www.tripadvisor.com/Restaurant_Review-g616035-d12918447-Reviews-MozzarElla-Ella_Uva_Province.html,0
https://www.tripadvisor.com/Restaurant_Review-g616035-d14971835-Reviews-Center_Point_Cafe_Lounge-Ella_Uva_Province.html,0
https://www.tripadvisor.com/Restaurant_Review-g616035-d6352748-Reviews-Fish_Chips_Restaurant_and_Rotti_Hut_Ella-Ella_Uva_Province.html,0
https://www.tripadvisor.com/Restaurant_Review-g616035-d3457227-Reviews-Down_Town_Rotti_Hut-Ella_Uva_Province.html,0
https://www.tripadvisor.com/Restaurant_Review-g616035-d15041612-Reviews-Ella_Coffee_Avenue-Ella_Uva_Province.html,0
https://www.tripadvisor.com/Restaurant_Review-g616035-d8407507-Reviews-Ceylon_Tea_Center_Ella-Ella_Uva_Province.html,0
https://www.tripadvisor.com/Restaurant_Review-g616035-d26697854-Reviews-The_clay_pot_ella-Ella_Uva_Province.html,0
https://www.tripadvisor.com/Restaurant_Review-g616035-d8517759-Reviews-Spice_Hut_Ella-Ella_Uva_Province.html,0
https://www.tripadvisor.com/Restaurant_Review-g616035-d27112441-Reviews-Lion_Restaurant_Ella-Ella_Uva_Province.html,0
https://www.tripadvisor.com/Restaurant_Review-g616035-d2051648-Reviews-Cafe_Chill-Ella_Uva_Province.html,0
https://www.tripadvisor.com/Restaurant_Review-g616035-d12081184-Reviews-Cafe_One_Love-Ella_Uva_Province.html,0
https://www.tripadvisor.com/Restaurant_Review-g616035-d6821703-Reviews-AK_Ristoro-Ella_Uva_Province.html,0
https://www.tripadvisor.com/Restaurant_Review-g616035-d11850226-Reviews-Rainbow_Cafe-Ella_Uva_Province.html,0
https://www.tripadvisor.com/Restaurant_Review-g616035-d9813968-Reviews-Matey_Hut-Ella_Uva_Province.html,0
https://www.tripadvisor.com/Restaurant_Review-g616035-d14905865-Reviews-The_Kitchen_Garden-Ella_Uva_Province.html,0
https://www.tripadvisor.com/Restaurant_Review-g616035-d26246005-Reviews-Beyond_Nomad_Cafe-Ella_Uva_Province.html,0
https://www.tripadvisor.com/Restaurant_Review-g616035-d6892248-Reviews-Hiking_Bar_Restaurant-Ella_Uva_Province.html,0
https://www.tripadvisor.com/Restaurant_Review-g616035-d14211563-Reviews-Mandala_Cafe_Bar-Ella_Uva_Province.html,0
https://www.tripadvisor.com/Restaurant_Review-g616035-d11910702-Reviews-360_Ella-Ella_Uva_Province.html,0
