https://www.tripadvisor.com/Restaurant_Review-g3348959-d15073393-Reviews-The_Sketch-Arugam_Bay_Eastern_Province.html,0
https://www.tripadvisor.com/Restaurant_Review-g3348959-d10520610-Reviews-Mr_Fisherman-Arugam_Bay_Eastern_Province.html,0
https://www.tripadvisor.com/Restaurant_Review-g3348959-d10487557-Reviews-Bambini_s_Cafe-Arugam_Bay_Eastern_Province.html,0
https://www.tripadvisor.com/Restaurant_Review-g3348959-d12640957-Reviews-LEAF_VINE-Arugam_Bay_Eastern_Province.html,0
https://www.tripadvisor.com/Restaurant_Review-g3348959-d20975135-Reviews-Neptune_s_Best_Restaurant_Arugambay-Arugam_Bay_Eastern_Province.html,0
https://www.tripadvisor.com/Restaurant_Review-g608525-d3628443-Reviews-Why_Not-Pottuvil_Arugam_Bay_Eastern_Province.html,0
https://www.tripadvisor.com/Restaurant_Review-g3348959-d6644091-Reviews-Danny_s_Sri_Lankan_Delicacies-Arugam_Bay_Eastern_Province.html,0
https://www.tripadvisor.com/Restaurant_Review-g3348959-d4891220-Reviews-Thaththa_s_tea_shop-Arugam_Bay_Eastern_Province.html,0
https://www.tripadvisor.com/Restaurant_Review-g608525-d4451721-Reviews-Ali_Restaurant_Cool_Spot-Pottuvil_Arugam_Bay_Eastern_Province.html,0
https://www.tripadvisor.com/Restaurant_Review-g3348959-d7046011-Reviews-Tandoori_Hut-Arugam_Bay_Eastern_Province.html,0
https://www.tripadvisor.com/Restaurant_Review-g3348959-d15073393-Reviews-The_Sketch-Arugam_Bay_Eastern_Province.html,0
https://www.tripadvisor.com/Restaurant_Review-g3348959-d12640957-Reviews-LEAF_VINE-Arugam_Bay_Eastern_Province.html,0
https://www.tripadvisor.com/Restaurant_Review-g3348959-d23910391-Reviews-Serendib_Arugam_Bay-Arugam_Bay_Eastern_Province.html,0
https://www.tripadvisor.com/Restaurant_Review-g3348959-d7046011-Reviews-Tandoori_Hut-Arugam_Bay_Eastern_Province.html,0
https://www.tripadvisor.com/Restaurant_Review-g3348959-d10162866-Reviews-Maleena_Arugambay_Italian_Restaurant-Arugam_Bay_Eastern_Province.html,0
https://www.tripadvisor.com/Restaurant_Review-g3348959-d11645772-Reviews-Flo_Restaurant-Arugam_Bay_Eastern_Province.html,0
https://www.tripadvisor.com/Restaurant_Review-g3348959-d10594616-Reviews-The_Seahorse_Inn_and_Pizzeria-Arugam_Bay_Eastern_Province.html,0
https://www.tripadvisor.com/Restaurant_Review-g3348959-d10779251-Reviews-Bites-Arugam_Bay_Eastern_Province.html,0
https://www.tripadvisor.com/Restaurant_Review-g3348959-d10276226-Reviews-Cili_Restaurant-Arugam_Bay_Eastern_Province.html,0
https://www.tripadvisor.com/Restaurant_Review-g608525-d3628443-Reviews-Why_Not-Pottuvil_Arugam_Bay_Eastern_Province.html,0
https://www.tripadvisor.com/Restaurant_Review-g3348959-d17652457-Reviews-Regal_Burgers-Arugam_Bay_Eastern_Province.html,0
https://www.tripadvisor.com/Restaurant_Review-g3348959-d20975135-Reviews-Neptune_s_Best_Restaurant_Arugambay-Arugam_Bay_Eastern_Province.html,0
https://www.tripadvisor.com/Restaurant_Review-g3348959-d12523179-Reviews-Karma_Gardens_Arugam_Bay-Arugam_Bay_Eastern_Province.html,0
https://www.tripadvisor.com/Restaurant_Review-g3348959-d11844245-Reviews-Pizza_Hub_Arugambay-Arugam_Bay_Eastern_Province.html,0
https://www.tripadvisor.com/Restaurant_Review-g3348959-d12367088-Reviews-Arugambays_Hello_Burger_Place-Arugam_Bay_Eastern_Province.html,0
https://www.tripadvisor.com/Restaurant_Review-g3348959-d14203150-Reviews-Neptuns_Best_Restaurant-Arugam_Bay_Eastern_Province.html,0
https://www.tripadvisor.com/Restaurant_Review-g3348959-d13901240-Reviews-Friends_Food_Cafe-Arugam_Bay_Eastern_Province.html,0
https://www.tripadvisor.com/Restaurant_Review-g3348959-d10520610-Reviews-Mr_Fisherman-Arugam_Bay_Eastern_Province.html,0
https://www.tripadvisor.com/Restaurant_Review-g3348959-d10487557-Reviews-Bambini_s_Cafe-Arugam_Bay_Eastern_Province.html,0
https://www.tripadvisor.com/Restaurant_Review-g3348959-d6644091-Reviews-Danny_s_Sri_Lankan_Delicacies-Arugam_Bay_Eastern_Province.html,0
https://www.tripadvisor.com/Restaurant_Review-g3348959-d15073393-Reviews-The_Sketch-Arugam_Bay_Eastern_Province.html,0
https://www.tripadvisor.com/Restaurant_Review-g3348959-d12367088-Reviews-Arugambays_Hello_Burger_Place-Arugam_Bay_Eastern_Province.html,0
https://www.tripadvisor.com/Restaurant_Review-g3348959-d10487557-Reviews-Bambini_s_Cafe-Arugam_Bay_Eastern_Province.html,0
https://www.tripadvisor.com/Restaurant_Review-g3348959-d17652457-Reviews-Regal_Burgers-Arugam_Bay_Eastern_Province.html,0
https://www.tripadvisor.com/Restaurant_Review-g3348959-d20975135-Reviews-Neptune_s_Best_Restaurant_Arugambay-Arugam_Bay_Eastern_Province.html,0
https://www.tripadvisor.com/Restaurant_Review-g3348959-d23910391-Reviews-Serendib_Arugam_Bay-Arugam_Bay_Eastern_Province.html,0
https://www.tripadvisor.com/Restaurant_Review-g3348959-d12640957-Reviews-LEAF_VINE-Arugam_Bay_Eastern_Province.html,0
https://www.tripadvisor.com/Restaurant_Review-g3348959-d13901240-Reviews-Friends_Food_Cafe-Arugam_Bay_Eastern_Province.html,0
https://www.tripadvisor.com/Restaurant_Review-g3348959-d12523179-Reviews-Karma_Gardens_Arugam_Bay-Arugam_Bay_Eastern_Province.html,0
https://www.tripadvisor.com/Restaurant_Review-g3348959-d10520610-Reviews-Mr_Fisherman-Arugam_Bay_Eastern_Province.html,0
https://www.tripadvisor.com/Restaurant_Review-g3348959-d17652457-Reviews-Regal_Burgers-Arugam_Bay_Eastern_Province.html,0
https://www.tripadvisor.com/Restaurant_Review-g3348959-d20975135-Reviews-Neptune_s_Best_Restaurant_Arugambay-Arugam_Bay_Eastern_Province.html,0
https://www.tripadvisor.com/Restaurant_Review-g3348959-d11844245-Reviews-Pizza_Hub_Arugambay-Arugam_Bay_Eastern_Province.html,0
https://www.tripadvisor.com/Restaurant_Review-g3348959-d12367088-Reviews-Arugambays_Hello_Burger_Place-Arugam_Bay_Eastern_Province.html,0
https://www.tripadvisor.com/Restaurant_Review-g3348959-d14203150-Reviews-Neptuns_Best_Restaurant-Arugam_Bay_Eastern_Province.html,0
https://www.tripadvisor.com/Restaurant_Review-g3348959-d7046011-Reviews-Tandoori_Hut-Arugam_Bay_Eastern_Province.html,0
https://www.tripadvisor.com/Restaurant_Review-g3348959-d10162866-Reviews-Maleena_Arugambay_Italian_Restaurant-Arugam_Bay_Eastern_Province.html,0
https://www.tripadvisor.com/Restaurant_Review-g3348959-d10594616-Reviews-The_Seahorse_Inn_and_Pizzeria-Arugam_Bay_Eastern_Province.html,0
https://www.tripadvisor.com/Restaurant_Review-g3348959-d10276226-Reviews-Cili_Restaurant-Arugam_Bay_Eastern_Province.html,0
https://www.tripadvisor.com/Restaurant_Review-g3348959-d10304889-Reviews-Garden_Cottage_Arugambay-Arugam_Bay_Eastern_Province.html,0
https://www.tripadvisor.com/Restaurant_Review-g3348959-d20975135-Reviews-Neptune_s_Best_Restaurant_Arugambay-Arugam_Bay_Eastern_Province.html,0
https://www.tripadvisor.com/Restaurant_Review-g3348959-d15073393-Reviews-The_Sketch-Arugam_Bay_Eastern_Province.html,0
https://www.tripadvisor.com/Restaurant_Review-g3348959-d12523179-Reviews-Karma_Gardens_Arugam_Bay-Arugam_Bay_Eastern_Province.html,0
https://www.tripadvisor.com/Restaurant_Review-g3348959-d11844245-Reviews-Pizza_Hub_Arugambay-Arugam_Bay_Eastern_Province.html,0
https://www.tripadvisor.com/Restaurant_Review-g3348959-d12367088-Reviews-Arugambays_Hello_Burger_Place-Arugam_Bay_Eastern_Province.html,0
https://www.tripadvisor.com/Restaurant_Review-g3348959-d14203150-Reviews-Neptuns_Best_Restaurant-Arugam_Bay_Eastern_Province.html,0
https://www.tripadvisor.com/Restaurant_Review-g3348959-d12640957-Reviews-LEAF_VINE-Arugam_Bay_Eastern_Province.html,0
https://www.tripadvisor.com/Restaurant_Review-g3348959-d13901240-Reviews-Friends_Food_Cafe-Arugam_Bay_Eastern_Province.html,0
https://www.tripadvisor.com/Restaurant_Review-g3348959-d10520610-Reviews-Mr_Fisherman-Arugam_Bay_Eastern_Province.html,0
https://www.tripadvisor.com/Restaurant_Review-g3348959-d10487557-Reviews-Bambini_s_Cafe-Arugam_Bay_Eastern_Province.html,
