https://www.tripadvisor.com/Restaurant_Review-g304132-d9792929-Reviews-Little_Paradise_Anuradhapura-Anuradhapura_North_Central_Province.html,0
https://www.tripadvisor.com/Restaurant_Review-g304132-d7056674-Reviews-Hotel_Shalini_Restaurant-Anuradhapura_North_Central_Province.html,0
https://www.tripadvisor.com/Restaurant_Review-g304132-d8429036-Reviews-Walkers-Anuradhapura_North_Central_Province.html,0
https://www.tripadvisor.com/Restaurant_Review-g304132-d6680949-Reviews-Mango_Mango-Anuradhapura_North_Central_Province.html,0
https://www.tripadvisor.com/Restaurant_Review-g304132-d4581087-Reviews-Seedevi_Family_Restaurant-Anuradhapura_North_Central_Province.html,0
https://www.tripadvisor.com/Restaurant_Review-g304132-d13293067-Reviews-Palhena_Restaurant-Anuradhapura_North_Central_Province.html,0
https://www.tripadvisor.com/Restaurant_Review-g304132-d6680949-Reviews-Mango_Mango-Anuradhapura_North_Central_Province.html,0
https://www.tripadvisor.com/Restaurant_Review-g304132-d19435390-Reviews-Big_Mama_Family_Restaurant-Anuradhapura_North_Central_Province.html,0
https://www.tripadvisor.com/Restaurant_Review-g304132-d6440813-Reviews-Ceylan_Lodge_Restaurant-Anuradhapura_North_Central_Province.html,0
https://www.tripadvisor.com/Restaurant_Review-g304132-d4581087-Reviews-Seedevi_Family_Restaurant-Anuradhapura_North_Central_Province.html,0
https://www.tripadvisor.com/Restaurant_Review-g304132-d1132598-Reviews-Casserole-Anuradhapura_North_Central_Province.html,0
https://www.tripadvisor.com/Restaurant_Review-g304132-d4092818-Reviews-Milano_Tourist_Rest_Restaurant-Anuradhapura_North_Central_Province.html,0
https://www.tripadvisor.com/Restaurant_Review-g304132-d5865898-Reviews-Pizza_Hut-Anuradhapura_North_Central_Province.html,0
https://www.tripadvisor.com/Restaurant_Review-g304132-d7616564-Reviews-The_Lakeside-Anuradhapura_North_Central_Province.html,0
https://www.tripadvisor.com/Restaurant_Review-g304132-d5512094-Reviews-Water_Garden_Restaurant-Anuradhapura_North_Central_Province.html,0
