https://www.tripadvisor.com/Restaurant_Review-g293962-d23047950-Reviews-Sunsetblu-Colombo_Western_Province.html,0
https://www.tripadvisor.com/Restaurant_Review-g293962-d3475694-Reviews-Emperor_s_Wok-Colombo_Western_Province.html,0
https://www.tripadvisor.com/Restaurant_Review-g293962-d11667290-Reviews-Graze_Kitchen-Colombo_Western_Province.html,0
https://www.tripadvisor.com/Restaurant_Review-g293962-d2216881-Reviews-Verandah_Bistro_Bar_at_Hilton_Colombo_Residences-Colombo_Western_Province.html,0
https://www.tripadvisor.com/Restaurant_Review-g293962-d25282541-Reviews-Beira_Kitchen-Colombo_Western_Province.html,0
https://www.tripadvisor.com/Restaurant_Review-g293962-d13148335-Reviews-Shang_Palace_Shangri_La_Colombo-Colombo_Western_Province.html,0
https://www.tripadvisor.com/Restaurant_Review-g293962-d5598898-Reviews-Yue_Chuan-Colombo_Western_Province.html,0
https://www.tripadvisor.com/Restaurant_Review-g293962-d23775244-Reviews-Virticle_By_Jetwing-Colombo_Western_Province.html,0
https://www.tripadvisor.com/Restaurant_Review-g293962-d2689090-Reviews-Golden_Dragon-Colombo_Western_Province.html,0
https://www.tripadvisor.com/Restaurant_Review-g293962-d4195137-Reviews-Harbour_Court_The_Kingsbury-Colombo_Western_Province.html,0
https://www.tripadvisor.com/Restaurant_Review-g293962-d3834786-Reviews-The_Ocean_The_Kingsbury-Colombo_Western_Province.html,0
https://www.tripadvisor.com/Restaurant_Review-g293962-d13170985-Reviews-Capital_Bar_Grill-Colombo_Western_Province.html,0
https://www.tripadvisor.com/Restaurant_Review-g293962-d2458789-Reviews-The_London_Grill-Colombo_Western_Province.html,0
https://www.tripadvisor.com/Restaurant_Review-g293962-d2654878-Reviews-Navratna-Colombo_Western_Province.html,0
https://www.tripadvisor.com/Restaurant_Review-g293962-d1007094-Reviews-Lagoon-Colombo_Western_Province.html,0
https://www.tripadvisor.com/Restaurant_Review-g293962-d3267177-Reviews-Nuga_Gama-Colombo_Western_Province.html,0
https://www.tripadvisor.com/Restaurant_Review-g293962-d8405377-Reviews-FLOW-Colombo_Western_Province.html,0
https://www.tripadvisor.com/Restaurant_Review-g293962-d3834786-Reviews-The_Ocean_The_Kingsbury-Colombo_Western_Province.html,0
https://www.tripadvisor.com/Restaurant_Review-g293962-d1133606-Reviews-Sea_Fish_Restaurant-Colombo_Western_Province.html,0
https://www.tripadvisor.com/Restaurant_Review-g293962-d3443384-Reviews-Breeze_Bar-Colombo_Western_Province.html,0
https://www.tripadvisor.com/Restaurant_Review-g293962-d2424872-Reviews-The_Dining_room_at_Cinnamon_Lakeside_Colombo-Colombo_Western_Province.html,0
https://www.tripadvisor.com/Restaurant_Review-g293962-d4195137-Reviews-Harbour_Court_The_Kingsbury-Colombo_Western_Province.html,0
https://www.tripadvisor.com/Restaurant_Review-g293962-d1007094-Reviews-Lagoon-Colombo_Western_Province.html,0
https://www.tripadvisor.com/Restaurant_Review-g293962-d2477739-Reviews-Ministry_of_Crab-Colombo_Western_Province.html,0
https://www.tripadvisor.com/Restaurant_Review-g293962-d2667381-Reviews-Tintagel_Colombo_Paradise_Road-Colombo_Western_Province.html,0
https://www.tripadvisor.com/Restaurant_Review-g293962-d10789281-Reviews-Kuuraku_Japanese_Restaurant-Colombo_Western_Province.html,0
https://www.tripadvisor.com/Restaurant_Review-g293962-d25062890-Reviews-Menya_Hanabi_Sri_Lanka-Colombo_Western_Province.html,0
https://www.tripadvisor.com/Restaurant_Review-g293962-d15643402-Reviews-Sapphyr_Lounge_Shangri_La_Colombo-Colombo_Western_Province.html,0
https://www.tripadvisor.com/Restaurant_Review-g293962-d23047950-Reviews-Sunsetblu-Colombo_Western_Province.html,0
https://www.tripadvisor.com/Restaurant_Review-g293962-d8405377-Reviews-FLOW-Colombo_Western_Province.html,0
https://www.tripadvisor.com/Restaurant_Review-g293962-d11769457-Reviews-L_A_B-Colombo_Western_Province.html,0
https://www.tripadvisor.com/Restaurant_Review-g293962-d15247064-Reviews-King_of_the_Mambo-Colombo_Western_Province.html,0
https://www.tripadvisor.com/Restaurant_Review-g293962-d15529139-Reviews-Food_Studio_at_Colombo_City_Centre-Colombo_Western_Province.html,0
https://www.tripadvisor.com/Restaurant_Review-g293962-d23119312-Reviews-Plates-Colombo_Western_Province.html,0
https://www.tripadvisor.com/Restaurant_Review-g293962-d10798544-Reviews-Kings_Steakbar-Colombo_Western_Province.html,0
https://www.tripadvisor.com/Restaurant_Review-g293962-d14113953-Reviews-Ports_of_Call-Colombo_Western_Province.html,0
https://www.tripadvisor.com/Restaurant_Review-g293962-d8540285-Reviews-Flamingo_House-Colombo_Western_Province.html,0
https://www.tripadvisor.com/Restaurant_Review-g293962-d16787758-Reviews-Crepe_Runner-Colombo_Western_Province.html,0
https://www.tripadvisor.com/Restaurant_Review-g293962-d12332905-Reviews-Momo_s_by_Ruvi-Colombo_Western_Province.html,0
https://www.tripadvisor.com/Restaurant_Review-g293962-d3897323-Reviews-Cup_Cafe-Colombo_Western_Province.html,0
https://www.tripadvisor.com/Restaurant_Review-g293962-d2388764-Reviews-Burgers_king-Colombo_Western_Province.html,0
https://www.tripadvisor.com/Restaurant_Review-g293962-d9765787-Reviews-Curry_Pot-Colombo_Western_Province.html,0
https://www.tripadvisor.com/Restaurant_Review-g293962-d15643271-Reviews-Grind_Colombo-Colombo_Western_Province.html,0
https://www.tripadvisor.com/Restaurant_Review-g293962-d15528873-Reviews-Health_House-Colombo_Western_Province.html,0
https://www.tripadvisor.com/Restaurant_Review-g293962-d1051312-Reviews-Hotel_De_Pilawoos-Colombo_Western_Province.html,0
https://www.tripadvisor.com/Restaurant_Review-g293962-d2103353-Reviews-The_Blue_Swan_Cafe-Colombo_Western_Province.html,0
https://www.tripadvisor.com/Restaurant_Review-g293962-d25062890-Reviews-Menya_Hanabi_Sri_Lanka-Colombo_Western_Province.html,0
https://www.tripadvisor.com/Restaurant_Review-g293962-d23034992-Reviews-Central_Restaurant-Colombo_Western_Province.html,0
https://www.tripadvisor.com/Restaurant_Review-g293962-d5598898-Reviews-Yue_Chuan-Colombo_Western_Province.html,0
https://www.tripadvisor.com/Restaurant_Review-g293962-d13148335-Reviews-Shang_Palace_Shangri_La_Colombo-Colombo_Western_Province.html,0
https://www.tripadvisor.com/Restaurant_Review-g293962-d23119312-Reviews-Plates-Colombo_Western_Province.html,0
https://www.tripadvisor.com/Restaurant_Review-g293962-d3834786-Reviews-The_Ocean_The_Kingsbury-Colombo_Western_Province.html,0
https://www.tripadvisor.com/Restaurant_Review-g293962-d8405377-Reviews-FLOW-Colombo_Western_Province.html,0
https://www.tripadvisor.com/Restaurant_Review-g293962-d23047950-Reviews-Sunsetblu-Colombo_Western_Province.html,0
https://www.tripadvisor.com/Restaurant_Review-g293962-d2424872-Reviews-The_Dining_room_at_Cinnamon_Lakeside_Colombo-Colombo_Western_Province.html,0
https://www.tripadvisor.com/Restaurant_Review-g293962-d11667290-Reviews-Graze_Kitchen-Colombo_Western_Province.html,0
https://www.tripadvisor.com/Restaurant_Review-g293962-d14126151-Reviews-Chambers_At_Park_Street_Mews-Colombo_Western_Province.html,0
https://www.tripadvisor.com/Restaurant_Review-g293962-d817490-Reviews-Oak_Ray_Flower_Drum_Restaurant-Colombo_Western_Province.html,0
https://www.tripadvisor.com/Restaurant_Review-g293962-d1544691-Reviews-Echo-Colombo_Western_Province.html,0
https://www.tripadvisor.com/Restaurant_Review-g293962-d23733257-Reviews-Ceylon_Curry_Club-Colombo_Western_Province.html,0
https://www.tripadvisor.com/Restaurant_Review-g293962-d6725690-Reviews-Cafe_Shaze-Colombo_Western_Province.html,0
https://www.tripadvisor.com/Restaurant_Review-g293962-d10157533-Reviews-Isso-Colombo_Western_Province.html,0
https://www.tripadvisor.com/Restaurant_Review-g293962-d7686514-Reviews-Dolce_Italia-Colombo_Western_Province.html,0
https://www.tripadvisor.com/Restaurant_Review-g293962-d1117733-Reviews-Shanmugas-Colombo_Western_Province.html,0
https://www.tripadvisor.com/Restaurant_Review-g293962-d1575108-Reviews-Park_Street_Mews_Restaurant-Colombo_Western_Province.html,0
https://www.tripadvisor.com/Restaurant_Review-g293962-d793125-Reviews-The_Mango_Tree-Colombo_Western_Province.html,0
https://www.tripadvisor.com/Restaurant_Review-g293962-d11769457-Reviews-L_A_B-Colombo_Western_Province.html,0
https://www.tripadvisor.com/Restaurant_Review-g293962-d11667290-Reviews-Graze_Kitchen-Colombo_Western_Province.html,0
https://www.tripadvisor.com/Restaurant_Review-g293962-d3267177-Reviews-Nuga_Gama-Colombo_Western_Province.html,0
https://www.tripadvisor.com/Restaurant_Review-g293962-d14126151-Reviews-Chambers_At_Park_Street_Mews-Colombo_Western_Province.html,0
https://www.tripadvisor.com/Restaurant_Review-g293962-d15685094-Reviews-Noodles_Restaurant-Colombo_Western_Province.html,0
https://www.tripadvisor.com/Restaurant_Review-g293962-d10034099-Reviews-Cafe_Kumbuk-Colombo_Western_Province.html,0
https://www.tripadvisor.com/Restaurant_Review-g293962-d13170985-Reviews-Capital_Bar_Grill-Colombo_Western_Province.html,0
https://www.tripadvisor.com/Restaurant_Review-g293962-d3443384-Reviews-Breeze_Bar-Colombo_Western_Province.html,0
https://www.tripadvisor.com/Restaurant_Review-g293962-d6495691-Reviews-Tao-Colombo_Western_Province.html,0
https://www.tripadvisor.com/Restaurant_Review-g293962-d12922777-Reviews-Honey_Beach_Club-Colombo_Western_Province.html,0
