https://www.tripadvisor.com/Restaurant_Review-g424963-d10498128-Reviews-Trinco_Lanka_Restaurant-Trincomalee_Eastern_Province.html,0
https://www.tripadvisor.com/Restaurant_Review-g424963-d8461169-Reviews-Rice_n_Curry-Trincomalee_Eastern_Province.html,0
https://www.tripadvisor.com/Restaurant_Review-g424963-d14083512-Reviews-Ubay_Seafood_Restaurant-Trincomalee_Eastern_Province.html,0
https://www.tripadvisor.com/Restaurant_Review-g424963-d10367042-Reviews-NINA_Restaurant-Trincomalee_Eastern_Province.html,0
https://www.tripadvisor.com/Restaurant_Review-g424963-d12741868-Reviews-Be_Cool_Juice_Bar_Sea_Food_Restaurant-Trincomalee_Eastern_Province.html,0
https://www.tripadvisor.com/Restaurant_Review-g424963-d12501000-Reviews-Restaurant_Tuna-Trincomalee_Eastern_Province.html,0
https://www.tripadvisor.com/Restaurant_Review-g424963-d8605940-Reviews-Gaga_Hostel_Seafood_Restaurant-Trincomalee_Eastern_Province.html,0
https://www.tripadvisor.com/Restaurant_Review-g424963-d8852988-Reviews-Sana_Place_Seafood_Restaurant-Trincomalee_Eastern_Province.html,0
https://www.tripadvisor.com/Restaurant_Review-g424963-d8852978-Reviews-Crab_Sea_Food_Restaurant-Trincomalee_Eastern_Province.html,0
https://www.tripadvisor.com/Restaurant_Review-g424963-d11978226-Reviews-Ceylon_Seafood_Cafe-Trincomalee_Eastern_Province.html,0
https://www.tripadvisor.com/Restaurant_Review-g424963-d17420306-Reviews-Wood_Cape-Trincomalee_Eastern_Province.html,0
https://www.tripadvisor.com/Restaurant_Review-g424963-d24070922-Reviews-New_Tonic_s_Beach_Restaurant-Trincomalee_Eastern_Province.html,0
https://www.tripadvisor.com/Restaurant_Review-g424963-d12867721-Reviews-The_Seafood_Drum-Trincomalee_Eastern_Province.html,0
https://www.tripadvisor.com/Restaurant_Review-g424963-d12428279-Reviews-Neem_Beach_House-Trincomalee_Eastern_Province.html,0
https://www.tripadvisor.com/Restaurant_Review-g424963-d10326568-Reviews-Nilaweli_Beach_Bar_And_Restaurant-Trincomalee_Eastern_Province.html,0
https://www.tripadvisor.com/Restaurant_Review-g424963-d17822743-Reviews-U_A_Cool_Spot-Trincomalee_Eastern_Province.html,0
