https://www.tripadvisor.com/Restaurant_Review-g644047-d13302859-Reviews-Wasantha_s_Sri_Lanka_Cuisine-Unawatuna_Galle_District_Southern_Province.html,0
https://www.tripadvisor.com/Restaurant_Review-g644047-d12265986-Reviews-Sea_Waves_Restaurant-Unawatuna_Galle_District_Southern_Province.html,0
https://www.tripadvisor.com/Restaurant_Review-g644047-d12066532-Reviews-Coconut_Style-Unawatuna_Galle_District_Southern_Province.html,0
https://www.tripadvisor.com/Restaurant_Review-g644047-d3780803-Reviews-Black_White_Restaurant-Unawatuna_Galle_District_Southern_Province.html,0
https://www.tripadvisor.com/Restaurant_Review-g644047-d15515458-Reviews-Kabala_Sunset_Cafe-Unawatuna_Galle_District_Southern_Province.html,0
https://www.tripadvisor.com/Restaurant_Review-g644047-d2427032-Reviews-Happy_Spice-Unawatuna_Galle_District_Southern_Province.html,0
https://www.tripadvisor.com/Restaurant_Review-g644047-d1591115-Reviews-Thaproban_Restaurant-Unawatuna_Galle_District_Southern_Province.html,0
https://www.tripadvisor.com/Restaurant_Review-g644047-d8820996-Reviews-Daffodil_Restaurant-Unawatuna_Galle_District_Southern_Province.html,0
https://www.tripadvisor.com/Restaurant_Review-g644047-d5929129-Reviews-CocoBay_La_Mer_Beach_Restaurant-Unawatuna_Galle_District_Southern_Province.html,0
https://www.tripadvisor.com/Restaurant_Review-g644047-d1538790-Reviews-One_Love_Restaurant-Unawatuna_Galle_District_Southern_Province.html,0
https://www.tripadvisor.com/Restaurant_Review-g297896-d23890292-Reviews-AQUA_Forno-Galle_Galle_District_Southern_Province.html,0
https://www.tripadvisor.com/Restaurant_Review-g644047-d2490872-Reviews-The_Social_Unawatuna-Unawatuna_Galle_District_Southern_Province.html,0
https://www.tripadvisor.com/Restaurant_Review-g644047-d17862682-Reviews-Koha_Surf_Lounge-Unawatuna_Galle_District_Southern_Province.html,0
https://www.tripadvisor.com/Restaurant_Review-g644047-d3780803-Reviews-Black_White_Restaurant-Unawatuna_Galle_District_Southern_Province.html,0
https://www.tripadvisor.com/Restaurant_Review-g644047-d8820996-Reviews-Daffodil_Restaurant-Unawatuna_Galle_District_Southern_Province.html,0
https://www.tripadvisor.com/Restaurant_Review-g644047-d15515458-Reviews-Kabala_Sunset_Cafe-Unawatuna_Galle_District_Southern_Province.html,0
https://www.tripadvisor.com/Restaurant_Review-g644047-d13306456-Reviews-La_Boheme-Unawatuna_Galle_District_Southern_Province.html,0
https://www.tripadvisor.com/Restaurant_Review-g644047-d12066532-Reviews-Coconut_Style-Unawatuna_Galle_District_Southern_Province.html,0
https://www.tripadvisor.com/Restaurant_Review-g644047-d7372820-Reviews-Le_Cafe_Francais_Bakery_Boutique-Unawatuna_Galle_District_Southern_Province.html,0
https://www.tripadvisor.com/Restaurant_Review-g644047-d6224780-Reviews-Bedspace_Kitchen-Unawatuna_Galle_District_Southern_Province.html,0
https://www.tripadvisor.com/Restaurant_Review-g644047-d24967426-Reviews-Society_Unawatuna-Unawatuna_Galle_District_Southern_Province.html,0
https://www.tripadvisor.com/Restaurant_Review-g644047-d13276800-Reviews-Love_Gelato-Unawatuna_Galle_District_Southern_Province.html,0
https://www.tripadvisor.com/Restaurant_Review-g644047-d13302859-Reviews-Wasantha_s_Sri_Lanka_Cuisine-Unawatuna_Galle_District_Southern_Province.html,0
https://www.tripadvisor.com/Restaurant_Review-g644047-d12265986-Reviews-Sea_Waves_Restaurant-Unawatuna_Galle_District_Southern_Province.html,0
https://www.tripadvisor.com/Restaurant_Review-g644047-d13406272-Reviews-SkinnyToms_s_Deli-Unawatuna_Galle_District_Southern_Province.html,0
https://www.tripadvisor.com/Restaurant_Review-g644047-d15534152-Reviews-The_Hideout_Unawatuna-Unawatuna_Galle_District_Southern_Province.html,0
https://www.tripadvisor.com/Restaurant_Review-g644047-d2427032-Reviews-Happy_Spice-Unawatuna_Galle_District_Southern_Province.html,0
https://www.tripadvisor.com/Restaurant_Review-g644047-d1538790-Reviews-One_Love_Restaurant-Unawatuna_Galle_District_Southern_Province.html,0
https://www.tripadvisor.com/Restaurant_Review-g644047-d13500729-Reviews-Blue_Caffeine-Unawatuna_Galle_District_Southern_Province.html,0
https://www.tripadvisor.com/Restaurant_Review-g644047-d19610245-Reviews-Persian_kitchen_and_BBQ-Unawatuna_Galle_District_Southern_Province.html,0
https://www.tripadvisor.com/Restaurant_Review-g644047-d13485621-Reviews-Chami_Restaurant_Cookery_Lesson-Unawatuna_Galle_District_Southern_Province.html,0
https://www.tripadvisor.com/Restaurant_Review-g297896-d23756477-Reviews-AQUA_Pizza-Galle_Galle_District_Southern_Province.html,0
https://www.tripadvisor.com/Restaurant_Review-g644047-d3780803-Reviews-Black_White_Restaurant-Unawatuna_Galle_District_Southern_Province.html,0
https://www.tripadvisor.com/Restaurant_Review-g644047-d15534152-Reviews-The_Hideout_Unawatuna-Unawatuna_Galle_District_Southern_Province.html,0
https://www.tripadvisor.com/Restaurant_Review-g644047-d13302859-Reviews-Wasantha_s_Sri_Lanka_Cuisine-Unawatuna_Galle_District_Southern_Province.html,0
https://www.tripadvisor.com/Restaurant_Review-g644047-d13306456-Reviews-La_Boheme-Unawatuna_Galle_District_Southern_Province.html,0
https://www.tripadvisor.com/Restaurant_Review-g644047-d2490872-Reviews-The_Social_Unawatuna-Unawatuna_Galle_District_Southern_Province.html,0
https://www.tripadvisor.com/Restaurant_Review-g644047-d12265986-Reviews-Sea_Waves_Restaurant-Unawatuna_Galle_District_Southern_Province.html,0
https://www.tripadvisor.com/Restaurant_Review-g644047-d1591115-Reviews-Thaproban_Restaurant-Unawatuna_Galle_District_Southern_Province.html,0
https://www.tripadvisor.com/Restaurant_Review-g644047-d15515458-Reviews-Kabala_Sunset_Cafe-Unawatuna_Galle_District_Southern_Province.html,0
https://www.tripadvisor.com/Restaurant_Review-g644047-d8820996-Reviews-Daffodil_Restaurant-Unawatuna_Galle_District_Southern_Province.html,0
https://www.tripadvisor.com/Restaurant_Review-g644047-d24967426-Reviews-Society_Unawatuna-Unawatuna_Galle_District_Southern_Province.html,0
https://www.tripadvisor.com/Restaurant_Review-g644047-d13306456-Reviews-La_Boheme-Unawatuna_Galle_District_Southern_Province.html,0
https://www.tripadvisor.com/Restaurant_Review-g644047-d23341716-Reviews-Angel_Beach_Club-Unawatuna_Galle_District_Southern_Province.html,0
https://www.tripadvisor.com/Restaurant_Review-g644047-d23682925-Reviews-Cafe_Suduwella-Unawatuna_Galle_District_Southern_Province.html,0
https://www.tripadvisor.com/Restaurant_Review-g644047-d25090542-Reviews-The_Charly_Restaurant_And_Cafe-Unawatuna_Galle_District_Southern_Province.html,0
https://www.tripadvisor.com/Restaurant_Review-g644047-d23646786-Reviews-Salt_Lemon_By_Sevonra-Unawatuna_Galle_District_Southern_Province.html,0
https://www.tripadvisor.com/Restaurant_Review-g644047-d24977613-Reviews-Yellow_Cabin-Unawatuna_Galle_District_Southern_Province.html,0
https://www.tripadvisor.com/Restaurant_Review-g644047-d2646720-Reviews-Coconut-Unawatuna_Galle_District_Southern_Province.html,0
https://www.tripadvisor.com/Restaurant_Review-g644047-d27104205-Reviews-The_Oyster_Bar_Unawatuna-Unawatuna_Galle_District_Southern_Province.html,0
https://www.tripadvisor.com/Restaurant_Review-g644047-d25168977-Reviews-Shawarma_Corner-Unawatuna_Galle_District_Southern_Province.html,0
https://www.tripadvisor.com/Restaurant_Review-g644047-d12705800-Reviews-Happy_Coconut_Cafe-Unawatuna_Galle_District_Southern_Province.html,0
https://www.tripadvisor.com/Restaurant_Review-g297896-d27422039-Reviews-Sugar_Bistro_At_The_Heritage-Galle_Galle_District_Southern_Province.html,0
https://www.tripadvisor.com/Restaurant_Review-g644047-d13276800-Reviews-Love_Gelato-Unawatuna_Galle_District_Southern_Province.html,0
https://www.tripadvisor.com/Restaurant_Review-g644047-d2490872-Reviews-The_Social_Unawatuna-Unawatuna_Galle_District_Southern_Province.html,0
https://www.tripadvisor.com/Restaurant_Review-g644047-d13302859-Reviews-Wasantha_s_Sri_Lanka_Cuisine-Unawatuna_Galle_District_Southern_Province.html,0
https://www.tripadvisor.com/Restaurant_Review-g644047-d3780803-Reviews-Black_White_Restaurant-Unawatuna_Galle_District_Southern_Province.html,0
https://www.tripadvisor.com/Restaurant_Review-g644047-d12265986-Reviews-Sea_Waves_Restaurant-Unawatuna_Galle_District_Southern_Province.html,0
https://www.tripadvisor.com/Restaurant_Review-g644047-d8820996-Reviews-Daffodil_Restaurant-Unawatuna_Galle_District_Southern_Province.html,0
https://www.tripadvisor.com/Restaurant_Review-g644047-d15515458-Reviews-Kabala_Sunset_Cafe-Unawatuna_Galle_District_Southern_Province.html,0
https://www.tripadvisor.com/Restaurant_Review-g644047-d13406272-Reviews-SkinnyToms_s_Deli-Unawatuna_Galle_District_Southern_Province.html,0
https://www.tripadvisor.com/Restaurant_Review-g644047-d15534152-Reviews-The_Hideout_Unawatuna-Unawatuna_Galle_District_Southern_Province.html,0
https://www.tripadvisor.com/Restaurant_Review-g644047-d13306456-Reviews-La_Boheme-Unawatuna_Galle_District_Southern_Province.html,0
