https://www.tripadvisor.com/Restaurant_Review-g297897-d2053331-Reviews-Black_Coral_Jetwing_Beach-Negombo_Western_Province.html,0
https://www.tripadvisor.com/Restaurant_Review-g297897-d16698583-Reviews-This_Is_It_Restaurant-Negombo_Western_Province.html,0
https://www.tripadvisor.com/Restaurant_Review-g297897-d26432071-Reviews-Royal_Hub_Restaurant-Negombo_Western_Province.html,0
https://www.tripadvisor.com/Restaurant_Review-g297897-d13340842-Reviews-Moya-Negombo_Western_Province.html,0
https://www.tripadvisor.com/Restaurant_Review-g297897-d16732442-Reviews-Avenra_Bayfonte-Negombo_Western_Province.html,0
https://www.tripadvisor.com/Restaurant_Review-g2269230-d9740634-Reviews-Indian_Ocean_Fish_Grill-Kochchikade_Negombo_Western_Province.html,0
https://www.tripadvisor.com/Restaurant_Review-g297897-d10072513-Reviews-Salt_Restaurant-Negombo_Western_Province.html,0
https://www.tripadvisor.com/Restaurant_Review-g297897-d1479984-Reviews-Lords_Restaurant_Complex-Negombo_Western_Province.html,0
https://www.tripadvisor.com/Restaurant_Review-g297897-d23954035-Reviews-Centella_Bistro-Negombo_Western_Province.html,0
https://www.tripadvisor.com/Restaurant_Review-g297897-d19904238-Reviews-TukTuk_Wine_Dine-Negombo_Western_Province.html,0
https://www.tripadvisor.com/Restaurant_Review-g297897-d18934505-Reviews-Edwin_Restaurant-Negombo_Western_Province.html,0
https://www.tripadvisor.com/Restaurant_Review-g297897-d15609836-Reviews-Queen_s_Restaurant-Negombo_Western_Province.html,0
https://www.tripadvisor.com/Restaurant_Review-g297897-d1134983-Reviews-Ammehula-Negombo_Western_Province.html,0
https://www.tripadvisor.com/Restaurant_Review-g297897-d2155496-Reviews-Sea_View_Restaurant-Negombo_Western_Province.html,0
https://www.tripadvisor.com/Restaurant_Review-g297897-d7233143-Reviews-The_Port_Beach_Restaurant_Pub-Negombo_Western_Province.html,0
https://www.tripadvisor.com/Restaurant_Review-g297897-d2053331-Reviews-Black_Coral_Jetwing_Beach-Negombo_Western_Province.html,0
https://www.tripadvisor.com/Restaurant_Review-g297897-d10072513-Reviews-Salt_Restaurant-Negombo_Western_Province.html,0
https://www.tripadvisor.com/Restaurant_Review-g297897-d19904238-Reviews-TukTuk_Wine_Dine-Negombo_Western_Province.html,0
https://www.tripadvisor.com/Restaurant_Review-g297897-d18934505-Reviews-Edwin_Restaurant-Negombo_Western_Province.html,0
https://www.tripadvisor.com/Restaurant_Review-g297897-d13997708-Reviews-Jude_Restaurant-Negombo_Western_Province.html,0
https://www.tripadvisor.com/Restaurant_Review-g297897-d20163984-Reviews-Celestia_Restaurant_Negombo-Negombo_Western_Province.html,0
https://www.tripadvisor.com/Restaurant_Review-g297897-d5482427-Reviews-Prego_Italian_Restaurant-Negombo_Western_Province.html,0
https://www.tripadvisor.com/Restaurant_Review-g297897-d15609836-Reviews-Queen_s_Restaurant-Negombo_Western_Province.html,0
https://www.tripadvisor.com/Restaurant_Review-g297897-d1479984-Reviews-Lords_Restaurant_Complex-Negombo_Western_Province.html,0
https://www.tripadvisor.com/Restaurant_Review-g12549255-d15913501-Reviews-Leonardo_by_Bella_Vita-Ettukala_Negombo_Western_Province.html,0
https://www.tripadvisor.com/Restaurant_Review-g297897-d23954035-Reviews-Centella_Bistro-Negombo_Western_Province.html,0
https://www.tripadvisor.com/Restaurant_Review-g297897-d12980248-Reviews-Cafe_Zen-Negombo_Western_Province.html,0
https://www.tripadvisor.com/Restaurant_Review-g1500185-d13396377-Reviews-Barista-Katunayake_Negombo_Western_Province.html,0
https://www.tripadvisor.com/Restaurant_Review-g297897-d7233143-Reviews-The_Port_Beach_Restaurant_Pub-Negombo_Western_Province.html,0
https://www.tripadvisor.com/Restaurant_Review-g297897-d15672481-Reviews-Paloma_Restaurant-Negombo_Western_Province.html,0
https://www.tripadvisor.com/Restaurant_Review-g297897-d19181944-Reviews-The_Hangar-Negombo_Western_Province.html,0
https://www.tripadvisor.com/Restaurant_Review-g297897-d7243226-Reviews-Tharanga_Restaurant-Negombo_Western_Province.html,0
https://www.tripadvisor.com/Restaurant_Review-g297897-d12115200-Reviews-T_Lounge_by_Dilmah-Negombo_Western_Province.html,0
https://www.tripadvisor.com/Restaurant_Review-g297897-d6482249-Reviews-Sea_Joy_Restaurant-Negombo_Western_Province.html,0
https://www.tripadvisor.com/Restaurant_Review-g297897-d11894231-Reviews-Sealook_beach_restaurant-Negombo_Western_Province.html,0
https://www.tripadvisor.com/Restaurant_Review-g297897-d12432335-Reviews-Toro_Pub_Restaurant-Negombo_Western_Province.html,0
https://www.tripadvisor.com/Restaurant_Review-g297897-d13997708-Reviews-Jude_Restaurant-Negombo_Western_Province.html,0
https://www.tripadvisor.com/Restaurant_Review-g297897-d15609836-Reviews-Queen_s_Restaurant-Negombo_Western_Province.html,0
https://www.tripadvisor.com/Restaurant_Review-g297897-d19904238-Reviews-TukTuk_Wine_Dine-Negombo_Western_Province.html,0
https://www.tripadvisor.com/Restaurant_Review-g297897-d10072513-Reviews-Salt_Restaurant-Negombo_Western_Province.html,0
https://www.tripadvisor.com/Restaurant_Review-g297897-d5482427-Reviews-Prego_Italian_Restaurant-Negombo_Western_Province.html,0
https://www.tripadvisor.com/Restaurant_Review-g297897-d18934505-Reviews-Edwin_Restaurant-Negombo_Western_Province.html,0
https://www.tripadvisor.com/Restaurant_Review-g297897-d23954035-Reviews-Centella_Bistro-Negombo_Western_Province.html,0
https://www.tripadvisor.com/Restaurant_Review-g297897-d1479984-Reviews-Lords_Restaurant_Complex-Negombo_Western_Province.html,0
https://www.tripadvisor.com/Restaurant_Review-g297897-d19601453-Reviews-White_House_Seafood_Restaurant-Negombo_Western_Province.html,0
https://www.tripadvisor.com/Restaurant_Review-g297897-d20163984-Reviews-Celestia_Restaurant_Negombo-Negombo_Western_Province.html,0
https://www.tripadvisor.com/Restaurant_Review-g297897-d19904238-Reviews-TukTuk_Wine_Dine-Negombo_Western_Province.html,0
https://www.tripadvisor.com/Restaurant_Review-g297897-d20163984-Reviews-Celestia_Restaurant_Negombo-Negombo_Western_Province.html,0
https://www.tripadvisor.com/Restaurant_Review-g297897-d5482427-Reviews-Prego_Italian_Restaurant-Negombo_Western_Province.html,0
https://www.tripadvisor.com/Restaurant_Review-g12549255-d15913501-Reviews-Leonardo_by_Bella_Vita-Ettukala_Negombo_Western_Province.html,0
https://www.tripadvisor.com/Restaurant_Review-g297897-d19601453-Reviews-White_House_Seafood_Restaurant-Negombo_Western_Province.html,0
https://www.tripadvisor.com/Restaurant_Review-g297897-d1134983-Reviews-Ammehula-Negombo_Western_Province.html,0
https://www.tripadvisor.com/Restaurant_Review-g297897-d1135009-Reviews-Rodeo_Pub_Restaurant_Negombo-Negombo_Western_Province.html,0
https://www.tripadvisor.com/Restaurant_Review-g297897-d15672481-Reviews-Paloma_Restaurant-Negombo_Western_Province.html,0
https://www.tripadvisor.com/Restaurant_Review-g297897-d1896478-Reviews-Kamlo-Negombo_Western_Province.html,0
https://www.tripadvisor.com/Restaurant_Review-g297897-d25400440-Reviews-BOHO_Negombo-Negombo_Western_Province.html,0
https://www.tripadvisor.com/Restaurant_Review-g297897-d10072513-Reviews-Salt_Restaurant-Negombo_Western_Province.html,0
https://www.tripadvisor.com/Restaurant_Review-g297897-d19904238-Reviews-TukTuk_Wine_Dine-Negombo_Western_Province.html,0
https://www.tripadvisor.com/Restaurant_Review-g297897-d13997708-Reviews-Jude_Restaurant-Negombo_Western_Province.html,0
https://www.tripadvisor.com/Restaurant_Review-g297897-d20163984-Reviews-Celestia_Restaurant_Negombo-Negombo_Western_Province.html,0
https://www.tripadvisor.com/Restaurant_Review-g297897-d5482427-Reviews-Prego_Italian_Restaurant-Negombo_Western_Province.html,0
https://www.tripadvisor.com/Restaurant_Review-g297897-d12980248-Reviews-Cafe_Zen-Negombo_Western_Province.html,0
https://www.tripadvisor.com/Restaurant_Review-g297897-d1479984-Reviews-Lords_Restaurant_Complex-Negombo_Western_Province.html,0
https://www.tripadvisor.com/Restaurant_Review-g12549255-d15913501-Reviews-Leonardo_by_Bella_Vita-Ettukala_Negombo_Western_Province.html,0
https://www.tripadvisor.com/Restaurant_Review-g297897-d8004866-Reviews-Sunny_Restaurant-Negombo_Western_Province.html,0
https://www.tripadvisor.com/Restaurant_Review-g297897-d19601453-Reviews-White_House_Seafood_Restaurant-Negombo_Western_Province.html,0
