https://www.tripadvisor.com/Restaurant_Review-g304134-d19481234-Reviews-Friends_Indeed-Hikkaduwa_Galle_District_Southern_Province.html,0
https://www.tripadvisor.com/Restaurant_Review-g304134-d25069260-Reviews-T_B_H-Hikkaduwa_Galle_District_Southern_Province.html,0
https://www.tripadvisor.com/Restaurant_Review-g304134-d25225895-Reviews-Bright_Sunshine_Restaurant-Hikkaduwa_Galle_District_Southern_Province.html,0
https://www.tripadvisor.com/Restaurant_Review-g304134-d15148599-Reviews-True_Blue_Riff_Hikkaduwa-Hikkaduwa_Galle_District_Southern_Province.html,0
https://www.tripadvisor.com/Restaurant_Review-g304134-d25410588-Reviews-Blackwood_Cafe_Hikkaduwa-Hikkaduwa_Galle_District_Southern_Province.html,0
https://www.tripadvisor.com/Restaurant_Review-g304134-d27186687-Reviews-Sempiternal_Restaurant-Hikkaduwa_Galle_District_Southern_Province.html,0
https://www.tripadvisor.com/Restaurant_Review-g304134-d15583723-Reviews-Canal_View_Hikkaduwa_Sri_Lankan_Homemade_Food_Restaurant-Hikkaduwa_Galle_Distric.html,0
https://www.tripadvisor.com/Restaurant_Review-g304134-d5988086-Reviews-Bookworm_Library_Restaurant-Hikkaduwa_Galle_District_Southern_Province.html,0
https://www.tripadvisor.com/Restaurant_Review-g304134-d1975528-Reviews-Asian_Jewel_Boutique_Hotel-Hikkaduwa_Galle_District_Southern_Province.html,0
https://www.tripadvisor.com/Restaurant_Review-g304134-d6463438-Reviews-Isira_Coffee_Shop-Hikkaduwa_Galle_District_Southern_Province.html,0
https://www.tripadvisor.com/Restaurant_Review-g304134-d5797225-Reviews-Thambili_Cafe-Hikkaduwa_Galle_District_Southern_Province.html,0
https://www.tripadvisor.com/Restaurant_Review-g304134-d4041507-Reviews-Home_Grown_Rice_and_Curry-Hikkaduwa_Galle_District_Southern_Province.html,0
https://www.tripadvisor.com/Restaurant_Review-g304134-d3735953-Reviews-No_1_Roti_Restaurant_Hikkaduwa-Hikkaduwa_Galle_District_Southern_Province.html,0
https://www.tripadvisor.com/Restaurant_Review-g304134-d5772287-Reviews-Aroma_Restaurant-Hikkaduwa_Galle_District_Southern_Province.html,0
https://www.tripadvisor.com/Restaurant_Review-g304134-d4778071-Reviews-Tigri_Beach_Resturant-Hikkaduwa_Galle_District_Southern_Province.html,0
https://www.tripadvisor.com/Restaurant_Review-g304134-d2009595-Reviews-Cool_Spot-Hikkaduwa_Galle_District_Southern_Province.html,0
https://www.tripadvisor.com/Restaurant_Review-g304134-d16817245-Reviews-Sea_Salt_Society_Beach_restaurant_Bar_Hikkaduwa-Hikkaduwa_Galle_District_Souther.html,0
https://www.tripadvisor.com/Restaurant_Review-g304134-d1975528-Reviews-Asian_Jewel_Boutique_Hotel-Hikkaduwa_Galle_District_Southern_Province.html,0
https://www.tripadvisor.com/Restaurant_Review-g304134-d11965894-Reviews-Salty_Swamis_Cafe_Surf_Shop-Hikkaduwa_Galle_District_Southern_Province.html,0
https://www.tripadvisor.com/Restaurant_Review-g304134-d15528436-Reviews-Your_Choice_Hikkaduwa-Hikkaduwa_Galle_District_Southern_Province.html,0
https://www.tripadvisor.com/Restaurant_Review-g304134-d5772287-Reviews-Aroma_Restaurant-Hikkaduwa_Galle_District_Southern_Province.html,0
https://www.tripadvisor.com/Restaurant_Review-g304134-d2009595-Reviews-Cool_Spot-Hikkaduwa_Galle_District_Southern_Province.html,0
https://www.tripadvisor.com/Restaurant_Review-g304134-d4778071-Reviews-Tigri_Beach_Resturant-Hikkaduwa_Galle_District_Southern_Province.html,0
https://www.tripadvisor.com/Restaurant_Review-g304134-d11949674-Reviews-Differente_Italian_Restaurant-Hikkaduwa_Galle_District_Southern_Province.html,0
https://www.tripadvisor.com/Restaurant_Review-g304134-d11769374-Reviews-Surf_Control_Rooftop_Lounge-Hikkaduwa_Galle_District_Southern_Province.html,0
https://www.tripadvisor.com/Restaurant_Review-g304134-d11825116-Reviews-Universal_Beach_Restaurant-Hikkaduwa_Galle_District_Southern_Province.html,0
https://www.tripadvisor.com/Restaurant_Review-g304134-d15583723-Reviews-Canal_View_Hikkaduwa_Sri_Lankan_Homemade_Food_Restaurant-Hikkaduwa_Galle_Distric.html,0
https://www.tripadvisor.com/Restaurant_Review-g304134-d8826810-Reviews-Hello_Burger-Hikkaduwa_Galle_District_Southern_Province.html,0
https://www.tripadvisor.com/Restaurant_Review-g304134-d15581184-Reviews-Bambini_s_Cafe-Hikkaduwa_Galle_District_Southern_Province.html,0
https://www.tripadvisor.com/Restaurant_Review-g304134-d5988086-Reviews-Bookworm_Library_Restaurant-Hikkaduwa_Galle_District_Southern_Province.html,0
https://www.tripadvisor.com/Restaurant_Review-g304134-d18841017-Reviews-Steffi_s_Mandala-Hikkaduwa_Galle_District_Southern_Province.html,0
https://www.tripadvisor.com/Restaurant_Review-g304134-d15602403-Reviews-A2_Restaurant-Hikkaduwa_Galle_District_Southern_Province.html,0
https://www.tripadvisor.com/Restaurant_Review-g304134-d6463438-Reviews-Isira_Coffee_Shop-Hikkaduwa_Galle_District_Southern_Province.html,0
https://www.tripadvisor.com/Restaurant_Review-g304134-d7677911-Reviews-Getfresh-Hikkaduwa_Galle_District_Southern_Province.html,0
https://www.tripadvisor.com/Restaurant_Review-g304134-d5797225-Reviews-Thambili_Cafe-Hikkaduwa_Galle_District_Southern_Province.html,0
https://www.tripadvisor.com/Restaurant_Review-g304134-d15583615-Reviews-MM_s_Crepes-Hikkaduwa_Galle_District_Southern_Province.html,0
https://www.tripadvisor.com/Restaurant_Review-g304134-d25225895-Reviews-Bright_Sunshine_Restaurant-Hikkaduwa_Galle_District_Southern_Province.html,0
https://www.tripadvisor.com/Restaurant_Review-g304134-d16817245-Reviews-Sea_Salt_Society_Beach_restaurant_Bar_Hikkaduwa-Hikkaduwa_Galle_District_Souther.html,0
https://www.tripadvisor.com/Restaurant_Review-g304134-d15581184-Reviews-Bambini_s_Cafe-Hikkaduwa_Galle_District_Southern_Province.html,0
https://www.tripadvisor.com/Restaurant_Review-g304134-d18841017-Reviews-Steffi_s_Mandala-Hikkaduwa_Galle_District_Southern_Province.html,0
https://www.tripadvisor.com/Restaurant_Review-g304134-d15583723-Reviews-Canal_View_Hikkaduwa_Sri_Lankan_Homemade_Food_Restaurant-Hikkaduwa_Galle_Distric.html,0
https://www.tripadvisor.com/Restaurant_Review-g304134-d11965894-Reviews-Salty_Swamis_Cafe_Surf_Shop-Hikkaduwa_Galle_District_Southern_Province.html,0
https://www.tripadvisor.com/Restaurant_Review-g304134-d8826810-Reviews-Hello_Burger-Hikkaduwa_Galle_District_Southern_Province.html,0
https://www.tripadvisor.com/Restaurant_Review-g304134-d6463438-Reviews-Isira_Coffee_Shop-Hikkaduwa_Galle_District_Southern_Province.html,0
https://www.tripadvisor.com/Restaurant_Review-g304134-d15602403-Reviews-A2_Restaurant-Hikkaduwa_Galle_District_Southern_Province.html,0
https://www.tripadvisor.com/Restaurant_Review-g304134-d1975528-Reviews-Asian_Jewel_Boutique_Hotel-Hikkaduwa_Galle_District_Southern_Province.html,0
https://www.tripadvisor.com/Restaurant_Review-g304134-d14052359-Reviews-Temptation_Hikkaduwa-Hikkaduwa_Galle_District_Southern_Province.html,0
https://www.tripadvisor.com/Restaurant_Review-g304134-d8826810-Reviews-Hello_Burger-Hikkaduwa_Galle_District_Southern_Province.html,0
https://www.tripadvisor.com/Restaurant_Review-g304134-d11949674-Reviews-Differente_Italian_Restaurant-Hikkaduwa_Galle_District_Southern_Province.html,0
https://www.tripadvisor.com/Restaurant_Review-g304134-d23398014-Reviews-Hikka_Bridge_Cafe_Restaurant-Hikkaduwa_Galle_District_Southern_Province.html,0
https://www.tripadvisor.com/Restaurant_Review-g304134-d15549604-Reviews-Gaama_s_Place-Hikkaduwa_Galle_District_Southern_Province.html,0
https://www.tripadvisor.com/Restaurant_Review-g304134-d27140920-Reviews-Villa_Anna_Restaurant_Hikkaduwa-Hikkaduwa_Galle_District_Southern_Province.html,0
https://www.tripadvisor.com/Restaurant_Review-g304134-d25325335-Reviews-Pcb-Hikkaduwa_Galle_District_Southern_Province.html,0
https://www.tripadvisor.com/Restaurant_Review-g304134-d25366349-Reviews-You_Restaurant_Bar_Hikkaduwa-Hikkaduwa_Galle_District_Southern_Province.html,0
https://www.tripadvisor.com/Restaurant_Review-g304134-d26496093-Reviews-Hikka_Chill-Hikkaduwa_Galle_District_Southern_Province.html,0
https://www.tripadvisor.com/Restaurant_Review-g304134-d27124825-Reviews-La_Belle_Vie-Hikkaduwa_Galle_District_Southern_Province.html,0
https://www.tripadvisor.com/Restaurant_Review-g304134-d25108865-Reviews-Rominrich_Restaurant-Hikkaduwa_Galle_District_Southern_Province.html,0
https://www.tripadvisor.com/Restaurant_Review-g304134-d15583723-Reviews-Canal_View_Hikkaduwa_Sri_Lankan_Homemade_Food_Restaurant-Hikkaduwa_Galle_Distric.html,0
https://www.tripadvisor.com/Restaurant_Review-g304134-d16817245-Reviews-Sea_Salt_Society_Beach_restaurant_Bar_Hikkaduwa-Hikkaduwa_Galle_District_Souther.html,0
https://www.tripadvisor.com/Restaurant_Review-g304134-d8826810-Reviews-Hello_Burger-Hikkaduwa_Galle_District_Southern_Province.html,0
https://www.tripadvisor.com/Restaurant_Review-g304134-d1975528-Reviews-Asian_Jewel_Boutique_Hotel-Hikkaduwa_Galle_District_Southern_Province.html,0
https://www.tripadvisor.com/Restaurant_Review-g304134-d5988086-Reviews-Bookworm_Library_Restaurant-Hikkaduwa_Galle_District_Southern_Province.html,0
https://www.tripadvisor.com/Restaurant_Review-g304134-d11965894-Reviews-Salty_Swamis_Cafe_Surf_Shop-Hikkaduwa_Galle_District_Southern_Province.html,0
https://www.tripadvisor.com/Restaurant_Review-g304134-d18841017-Reviews-Steffi_s_Mandala-Hikkaduwa_Galle_District_Southern_Province.html,0
https://www.tripadvisor.com/Restaurant_Review-g304134-d6463438-Reviews-Isira_Coffee_Shop-Hikkaduwa_Galle_District_Southern_Province.html,0
https://www.tripadvisor.com/Restaurant_Review-g304134-d15528436-Reviews-Your_Choice_Hikkaduwa-Hikkaduwa_Galle_District_Southern_Province.html,0
https://www.tripadvisor.com/Restaurant_Review-g304134-d5797225-Reviews-Thambili_Cafe-Hikkaduwa_Galle_District_Southern_Province.html,0
