https://www.tripadvisor.com/Restaurant_Review-g297895-d26441193-Reviews-The_Cuisine_Delight_TCD-Bentota_Galle_District_Southern_Province.html,0
https://www.tripadvisor.com/Restaurant_Review-g297895-d2060291-Reviews-The_Villa_Cafe-Bentota_Galle_District_Southern_Province.html,0
https://www.tripadvisor.com/Restaurant_Review-g297895-d20139704-Reviews-Sea_Meats_Spice-Bentota_Galle_District_Southern_Province.html,0
https://www.tripadvisor.com/Restaurant_Review-g297895-d25317697-Reviews-The_Wave_Beach_Restaurant-Bentota_Galle_District_Southern_Province.html,0
https://www.tripadvisor.com/Restaurant_Review-g297895-d25191306-Reviews-Bentota_Prince_Villa_Restaurant-Bentota_Galle_District_Southern_Province.html,0
https://www.tripadvisor.com/Restaurant_Review-g297895-d1717300-Reviews-Malli_s_Seafood_Restaurant-Bentota_Galle_District_Southern_Province.html,0
https://www.tripadvisor.com/Restaurant_Review-g297895-d11714163-Reviews-Happy_Garden_Restaurant-Bentota_Galle_District_Southern_Province.html,0
https://www.tripadvisor.com/Restaurant_Review-g297895-d13837810-Reviews-Bamboos_Garden_Restaurant_Bentota-Bentota_Galle_District_Southern_Province.html,0
https://www.tripadvisor.com/Restaurant_Review-g297895-d12119006-Reviews-Bentota_rock_beach_restaurant-Bentota_Galle_District_Southern_Province.html,0
https://www.tripadvisor.com/Restaurant_Review-g297895-d8047843-Reviews-Prem_Cafe_Restaurant-Bentota_Galle_District_Southern_Province.html,0
https://www.tripadvisor.com/Restaurant_Review-g297895-d23753638-Reviews-Islanda_Bentota_Sea_Food_Restaurant-Bentota_Galle_District_Southern_Province.html,0
https://www.tripadvisor.com/Restaurant_Review-g297895-d1371555-Reviews-DiyaSisila_Restaurant-Bentota_Galle_District_Southern_Province.html,0
https://www.tripadvisor.com/Restaurant_Review-g297895-d13449861-Reviews-Vintage_Restaurant-Bentota_Galle_District_Southern_Province.html,0
https://www.tripadvisor.com/Restaurant_Review-g297895-d8069281-Reviews-Rana_Seafood_Restaurant-Bentota_Galle_District_Southern_Province.html,0
https://www.tripadvisor.com/Restaurant_Review-g297895-d8687451-Reviews-Trax_Garden_Restaurant-Bentota_Galle_District_Southern_Province.html,0
https://www.tripadvisor.com/Restaurant_Review-g297895-d13449861-Reviews-Vintage_Restaurant-Bentota_Galle_District_Southern_Province.html,0
https://www.tripadvisor.com/Restaurant_Review-g297895-d1717300-Reviews-Malli_s_Seafood_Restaurant-Bentota_Galle_District_Southern_Province.html,0
https://www.tripadvisor.com/Restaurant_Review-g297895-d19087811-Reviews-Nova_Seafood_Restaurant-Bentota_Galle_District_Southern_Province.html,0
https://www.tripadvisor.com/Restaurant_Review-g297895-d13837810-Reviews-Bamboos_Garden_Restaurant_Bentota-Bentota_Galle_District_Southern_Province.html,0
https://www.tripadvisor.com/Restaurant_Review-g297895-d1371555-Reviews-DiyaSisila_Restaurant-Bentota_Galle_District_Southern_Province.html,0
https://www.tripadvisor.com/Restaurant_Review-g297895-d8687451-Reviews-Trax_Garden_Restaurant-Bentota_Galle_District_Southern_Province.html,0
https://www.tripadvisor.com/Restaurant_Review-g297895-d8069281-Reviews-Rana_Seafood_Restaurant-Bentota_Galle_District_Southern_Province.html,0
https://www.tripadvisor.com/Restaurant_Review-g297895-d25167529-Reviews-Tuna_Tuna_33-Bentota_Galle_District_Southern_Province.html,0
https://www.tripadvisor.com/Restaurant_Review-g297895-d1225127-Reviews-Golden_Grill-Bentota_Galle_District_Southern_Province.html,0
https://www.tripadvisor.com/Restaurant_Review-g297895-d1653188-Reviews-Amal_Villa_Restaurant_Bar-Bentota_Galle_District_Southern_Province.html,0
https://www.tripadvisor.com/Restaurant_Review-g297895-d23753638-Reviews-Islanda_Bentota_Sea_Food_Restaurant-Bentota_Galle_District_Southern_Province.html,0
https://www.tripadvisor.com/Restaurant_Review-g297895-d11714163-Reviews-Happy_Garden_Restaurant-Bentota_Galle_District_Southern_Province.html,0
https://www.tripadvisor.com/Restaurant_Review-g297895-d8047843-Reviews-Prem_Cafe_Restaurant-Bentota_Galle_District_Southern_Province.html,0
https://www.tripadvisor.com/Restaurant_Review-g297895-d12461564-Reviews-Bollywood_Masala-Bentota_Galle_District_Southern_Province.html,0
https://www.tripadvisor.com/Restaurant_Review-g297895-d23826087-Reviews-Villa_Wunderschon_Seafood_Restaurant-Bentota_Galle_District_Southern_Province.html,0
https://www.tripadvisor.com/Restaurant_Review-g297895-d25235363-Reviews-Ana_Cafe_Restaurant-Bentota_Galle_District_Southern_Province.html,0
https://www.tripadvisor.com/Restaurant_Review-g297895-d27106568-Reviews-The_Catamaran_Beach_Restaurant-Bentota_Galle_District_Southern_Province.html,0
https://www.tripadvisor.com/Restaurant_Review-g297895-d15360741-Reviews-Rohitha_Restaurant-Bentota_Galle_District_Southern_Province.html,0
https://www.tripadvisor.com/Restaurant_Review-g297895-d8710384-Reviews-Ocean_View_Restaurant-Bentota_Galle_District_Southern_Province.html,0
https://www.tripadvisor.com/Restaurant_Review-g297895-d14826880-Reviews-Cafe_Italiano-Bentota_Galle_District_Southern_Province.html,0
https://www.tripadvisor.com/Restaurant_Review-g297895-d23753638-Reviews-Islanda_Bentota_Sea_Food_Restaurant-Bentota_Galle_District_Southern_Province.html,0
https://www.tripadvisor.com/Restaurant_Review-g297895-d13449861-Reviews-Vintage_Restaurant-Bentota_Galle_District_Southern_Province.html,0
https://www.tripadvisor.com/Restaurant_Review-g297895-d8069281-Reviews-Rana_Seafood_Restaurant-Bentota_Galle_District_Southern_Province.html,0
https://www.tripadvisor.com/Restaurant_Review-g297895-d19087811-Reviews-Nova_Seafood_Restaurant-Bentota_Galle_District_Southern_Province.html,0
https://www.tripadvisor.com/Restaurant_Review-g297895-d11714163-Reviews-Happy_Garden_Restaurant-Bentota_Galle_District_Southern_Province.html,0
https://www.tripadvisor.com/Restaurant_Review-g297895-d1717300-Reviews-Malli_s_Seafood_Restaurant-Bentota_Galle_District_Southern_Province.html,0
https://www.tripadvisor.com/Restaurant_Review-g297895-d8047843-Reviews-Prem_Cafe_Restaurant-Bentota_Galle_District_Southern_Province.html,0
https://www.tripadvisor.com/Restaurant_Review-g297895-d1371555-Reviews-DiyaSisila_Restaurant-Bentota_Galle_District_Southern_Province.html,0
https://www.tripadvisor.com/Restaurant_Review-g297895-d13837810-Reviews-Bamboos_Garden_Restaurant_Bentota-Bentota_Galle_District_Southern_Province.html,0
https://www.tripadvisor.com/Restaurant_Review-g297895-d8687451-Reviews-Trax_Garden_Restaurant-Bentota_Galle_District_Southern_Province.html,0
https://www.tripadvisor.com/Restaurant_Review-g297895-d26441193-Reviews-The_Cuisine_Delight_TCD-Bentota_Galle_District_Southern_Province.html,0
https://www.tripadvisor.com/Restaurant_Review-g297895-d23826087-Reviews-Villa_Wunderschon_Seafood_Restaurant-Bentota_Galle_District_Southern_Province.html,0
https://www.tripadvisor.com/Restaurant_Review-g297895-d25317697-Reviews-The_Wave_Beach_Restaurant-Bentota_Galle_District_Southern_Province.html,0
https://www.tripadvisor.com/Restaurant_Review-g297895-d8710384-Reviews-Ocean_View_Restaurant-Bentota_Galle_District_Southern_Province.html,0
https://www.tripadvisor.com/Restaurant_Review-g297895-d27174472-Reviews-Olive_Restaurant-Bentota_Galle_District_Southern_Province.html,0
https://www.tripadvisor.com/Restaurant_Review-g297895-d23162385-Reviews-Mr_Burger_Bentota-Bentota_Galle_District_Southern_Province.html,0
https://www.tripadvisor.com/Restaurant_Review-g297895-d26441193-Reviews-The_Cuisine_Delight_TCD-Bentota_Galle_District_Southern_Province.html,0
https://www.tripadvisor.com/Restaurant_Review-g297895-d25191306-Reviews-Bentota_Prince_Villa_Restaurant-Bentota_Galle_District_Southern_Province.html,0
https://www.tripadvisor.com/Restaurant_Review-g297895-d26723671-Reviews-Esprit_Seafood_Restaurant_and_Bar-Bentota_Galle_District_Southern_Province.html,0
https://www.tripadvisor.com/Restaurant_Review-g297895-d13449861-Reviews-Vintage_Restaurant-Bentota_Galle_District_Southern_Province.html,0
https://www.tripadvisor.com/Restaurant_Review-g297895-d1717300-Reviews-Malli_s_Seafood_Restaurant-Bentota_Galle_District_Southern_Province.html,0
https://www.tripadvisor.com/Restaurant_Review-g297895-d19087811-Reviews-Nova_Seafood_Restaurant-Bentota_Galle_District_Southern_Province.html,0
https://www.tripadvisor.com/Restaurant_Review-g297895-d23753638-Reviews-Islanda_Bentota_Sea_Food_Restaurant-Bentota_Galle_District_Southern_Province.html,0
https://www.tripadvisor.com/Restaurant_Review-g297895-d11714163-Reviews-Happy_Garden_Restaurant-Bentota_Galle_District_Southern_Province.html,0
https://www.tripadvisor.com/Restaurant_Review-g297895-d13837810-Reviews-Bamboos_Garden_Restaurant_Bentota-Bentota_Galle_District_Southern_Province.html,0
https://www.tripadvisor.com/Restaurant_Review-g297895-d1371555-Reviews-DiyaSisila_Restaurant-Bentota_Galle_District_Southern_Province.html,0
https://www.tripadvisor.com/Restaurant_Review-g297895-d12119006-Reviews-Bentota_rock_beach_restaurant-Bentota_Galle_District_Southern_Province.html,0
https://www.tripadvisor.com/Restaurant_Review-g297895-d8687451-Reviews-Trax_Garden_Restaurant-Bentota_Galle_District_Southern_Province.html,0
https://www.tripadvisor.com/Restaurant_Review-g297895-d8069281-Reviews-Rana_Seafood_Restaurant-Bentota_Galle_District_Southern_Province.html,0
