https://www.tripadvisor.com/Restaurant_Review-g304133-d7059915-Reviews-Sakura_Cooking_Classes_and_Restaurant-Dambulla_Central_Province.html,0
https://www.tripadvisor.com/Restaurant_Review-g304133-d3742717-Reviews-Athula_Restaurant-Dambulla_Central_Province.html,0
https://www.tripadvisor.com/Restaurant_Review-g304133-d9694624-Reviews-Rithu_Restaurant-Dambulla_Central_Province.html,0
https://www.tripadvisor.com/Restaurant_Review-g304133-d3417340-Reviews-Benthota_Bake_House-Dambulla_Central_Province.html,0
https://www.tripadvisor.com/Restaurant_Review-g304133-d6210793-Reviews-Tropical_Village-Dambulla_Central_Province.html,0
https://www.tripadvisor.com/Restaurant_Review-g304133-d8373911-Reviews-Mango_Mango_Restaurant-Dambulla_Central_Province.html,0
https://www.tripadvisor.com/Restaurant_Review-g304133-d10594709-Reviews-Tinaya_Treats-Dambulla_Central_Province.html,0
https://www.tripadvisor.com/Restaurant_Review-g304133-d7059915-Reviews-Sakura_Cooking_Classes_and_Restaurant-Dambulla_Central_Province.html,0
https://www.tripadvisor.com/Restaurant_Review-g304133-d26237687-Reviews-Heritage_Rangiri_Villa_Restaurant-Dambulla_Central_Province.html,0
https://www.tripadvisor.com/Restaurant_Review-g304133-d25578239-Reviews-Fika_Cafe_Restaurant-Dambulla_Central_Province.html,0
https://www.tripadvisor.com/Restaurant_Review-g304133-d6210793-Reviews-Tropical_Village-Dambulla_Central_Province.html,0
https://www.tripadvisor.com/Restaurant_Review-g304133-d6642080-Reviews-Saman_s_restaurant-Dambulla_Central_Province.html,0
https://www.tripadvisor.com/Restaurant_Review-g304133-d4496581-Reviews-Cafe_Kachchan-Dambulla_Central_Province.html,0
https://www.tripadvisor.com/Restaurant_Review-g304133-d1999436-Reviews-JC_s_Village-Dambulla_Central_Province.html,0
https://www.tripadvisor.com/Restaurant_Review-g304133-d3138823-Reviews-Sundaras_Restaurant-Dambulla_Central_Province.html,0
https://www.tripadvisor.com/Restaurant_Review-g304133-d10594709-Reviews-Tinaya_Treats-Dambulla_Central_Province.html,0
https://www.tripadvisor.com/Restaurant_Review-g304133-d16385798-Reviews-Amarena_Cafe-Dambulla_Central_Province.html,0
https://www.tripadvisor.com/Restaurant_Review-g304133-d16733115-Reviews-Golden_Palace_Restaurant-Dambulla_Central_Province.html,0
https://www.tripadvisor.com/Restaurant_Review-g304133-d9694624-Reviews-Rithu_Restaurant-Dambulla_Central_Province.html,0
https://www.tripadvisor.com/Restaurant_Review-g304133-d3742717-Reviews-Athula_Restaurant-Dambulla_Central_Province.html,0
https://www.tripadvisor.com/Restaurant_Review-g304133-d17821293-Reviews-Sandra_Restaurant-Dambulla_Central_Province.html,0
https://www.tripadvisor.com/Restaurant_Review-g304133-d3417340-Reviews-Benthota_Bake_House-Dambulla_Central_Province.html,0
https://www.tripadvisor.com/Restaurant_Review-g304133-d10392517-Reviews-Traditional_Food_Sales_Centre-Dambulla_Central_Province.html,0
https://www.tripadvisor.com/Restaurant_Review-g304133-d8055073-Reviews-Perera_Sons-Dambulla_Central_Province.html,0
https://www.tripadvisor.com/Restaurant_Review-g304133-d16652370-Reviews-Uprising_Restaurant-Dambulla_Central_Province.html,0
https://www.tripadvisor.com/Restaurant_Review-g304133-d15309013-Reviews-Laki_s_Chill_Lounge-Dambulla_Central_Province.html,0
https://www.tripadvisor.com/Restaurant_Review-g304133-d16721759-Reviews-Delum_Uyana_Restaurant-Dambulla_Central_Province.html,0
https://www.tripadvisor.com/Restaurant_Review-g304133-d3742717-Reviews-Athula_Restaurant-Dambulla_Central_Province.html,0
https://www.tripadvisor.com/Restaurant_Review-g304133-d7059915-Reviews-Sakura_Cooking_Classes_and_Restaurant-Dambulla_Central_Province.html,0
https://www.tripadvisor.com/Restaurant_Review-g304133-d9694624-Reviews-Rithu_Restaurant-Dambulla_Central_Province.html,0
https://www.tripadvisor.com/Restaurant_Review-g304133-d17821293-Reviews-Sandra_Restaurant-Dambulla_Central_Province.html,0
https://www.tripadvisor.com/Restaurant_Review-g304133-d26237687-Reviews-Heritage_Rangiri_Villa_Restaurant-Dambulla_Central_Province.html,0
https://www.tripadvisor.com/Restaurant_Review-g304133-d6210793-Reviews-Tropical_Village-Dambulla_Central_Province.html,0
https://www.tripadvisor.com/Restaurant_Review-g304133-d3417340-Reviews-Benthota_Bake_House-Dambulla_Central_Province.html,0
https://www.tripadvisor.com/Restaurant_Review-g304133-d25578239-Reviews-Fika_Cafe_Restaurant-Dambulla_Central_Province.html,0
https://www.tripadvisor.com/Restaurant_Review-g304133-d15309013-Reviews-Laki_s_Chill_Lounge-Dambulla_Central_Province.html,0
https://www.tripadvisor.com/Restaurant_Review-g304133-d16385798-Reviews-Amarena_Cafe-Dambulla_Central_Province.html,0
https://www.tripadvisor.com/Restaurant_Review-g304133-d26636843-Reviews-Royal_Tasty_Cafe-Dambulla_Central_Province.html,0
https://www.tripadvisor.com/Restaurant_Review-g304133-d23615089-Reviews-King_s_Cafe-Dambulla_Central_Province.html,0
https://www.tripadvisor.com/Restaurant_Review-g304133-d16724221-Reviews-Burger_Fiesta-Dambulla_Central_Province.html,0
https://www.tripadvisor.com/Restaurant_Review-g304133-d13833141-Reviews-Minions_Cafe-Dambulla_Central_Province.html,0
https://www.tripadvisor.com/Restaurant_Review-g304133-d25297752-Reviews-Sambole_Restaurant-Dambulla_Central_Province.html,0
https://www.tripadvisor.com/Restaurant_Review-g304133-d26636843-Reviews-Royal_Tasty_Cafe-Dambulla_Central_Province.html,0
https://www.tripadvisor.com/Restaurant_Review-g304133-d26527880-Reviews-Ranketha_Restaurant-Dambulla_Central_Province.html,0
https://www.tripadvisor.com/Restaurant_Review-g304133-d9694624-Reviews-Rithu_Restaurant-Dambulla_Central_Province.html,0
https://www.tripadvisor.com/Restaurant_Review-g304133-d3742717-Reviews-Athula_Restaurant-Dambulla_Central_Province.html,0
https://www.tripadvisor.com/Restaurant_Review-g304133-d7059915-Reviews-Sakura_Cooking_Classes_and_Restaurant-Dambulla_Central_Province.html,0
https://www.tripadvisor.com/Restaurant_Review-g304133-d26237687-Reviews-Heritage_Rangiri_Villa_Restaurant-Dambulla_Central_Province.html,0
https://www.tripadvisor.com/Restaurant_Review-g304133-d6210793-Reviews-Tropical_Village-Dambulla_Central_Province.html,0
https://www.tripadvisor.com/Restaurant_Review-g304133-d10392517-Reviews-Traditional_Food_Sales_Centre-Dambulla_Central_Province.html,0
https://www.tripadvisor.com/Restaurant_Review-g304133-d15309013-Reviews-Laki_s_Chill_Lounge-Dambulla_Central_Province.html,0
https://www.tripadvisor.com/Restaurant_Review-g304133-d1999436-Reviews-JC_s_Village-Dambulla_Central_Province.html,0
https://www.tripadvisor.com/Restaurant_Review-g304133-d10594709-Reviews-Tinaya_Treats-Dambulla_Central_Province.html,0
https://www.tripadvisor.com/Restaurant_Review-g304133-d4973422-Reviews-Gimanhala_Traveler_s_Cafe-Dambulla_Central_Province.html,0
