https://www.tripadvisor.com/Restaurant_Review-g304142-d9750720-Reviews-Il_Mare_at_Anantara_Peace_Haven_Tangalle_Resort-Tangalle_Southern_Province.html,0
https://www.tripadvisor.com/Restaurant_Review-g304142-d11801261-Reviews-Verala-Tangalle_Southern_Province.html,0
https://www.tripadvisor.com/Restaurant_Review-g304142-d10549314-Reviews-Deshan_Homestay_Restaurant-Tangalle_Southern_Province.html,0
https://www.tripadvisor.com/Restaurant_Review-g304142-d24950713-Reviews-Heyan_Cafe_And_Restaurant-Tangalle_Southern_Province.html,0
https://www.tripadvisor.com/Restaurant_Review-g304142-d10157531-Reviews-Tuk_Tuk_Bay-Tangalle_Southern_Province.html,0
https://www.tripadvisor.com/Restaurant_Review-g1027209-d12917357-Reviews-Gimanhala-Hambantota_Tangalle_Southern_Province.html,0
https://www.tripadvisor.com/Restaurant_Review-g304142-d12071059-Reviews-The_Lobster_Pot-Tangalle_Southern_Province.html,0
https://www.tripadvisor.com/Restaurant_Review-g304142-d15747285-Reviews-Julianu-Tangalle_Southern_Province.html,0
https://www.tripadvisor.com/Restaurant_Review-g304142-d25307834-Reviews-Fisherman_s_Hut-Tangalle_Southern_Province.html,0
https://www.tripadvisor.com/Restaurant_Review-g304142-d15594806-Reviews-One_Dollar_Cafe-Tangalle_Southern_Province.html,0
https://www.tripadvisor.com/Restaurant_Review-g304142-d8669721-Reviews-Dream_Family-Tangalle_Southern_Province.html,0
https://www.tripadvisor.com/Restaurant_Review-g12269767-d13196618-Reviews-Upoint_Kalametiya-Kalametiya_Tangalle_Southern_Province.html,0
https://www.tripadvisor.com/Restaurant_Review-g304142-d9599128-Reviews-Tangalle_Rice_Curry_Restaurant-Tangalle_Southern_Province.html,0
https://www.tripadvisor.com/Restaurant_Review-g304142-d7228429-Reviews-Oceana_Beach_Cafe_and_Seafood_Restaurant-Tangalle_Southern_Province.html,0
https://www.tripadvisor.com/Restaurant_Review-g304142-d2041593-Reviews-Cactus_Lounge_Restaurant-Tangalle_Southern_Province.html,0
https://www.tripadvisor.com/Restaurant_Review-g304142-d6994952-Reviews-Break_Point_Cafe_Restaurant-Tangalle_Southern_Province.html,0
https://www.tripadvisor.com/Restaurant_Review-g304142-d13350161-Reviews-Maheshee_Home_Restaurant-Tangalle_Southern_Province.html,0
https://www.tripadvisor.com/Restaurant_Review-g304142-d2335372-Reviews-Sha_Sha_Seafood-Tangalle_Southern_Province.html,0
https://www.tripadvisor.com/Restaurant_Review-g304142-d14931157-Reviews-The_Last_Drop-Tangalle_Southern_Province.html,0
https://www.tripadvisor.com/Restaurant_Review-g304142-d6028620-Reviews-Moon_River_Seafood_Restauranat_cabana-Tangalle_Southern_Province.html,0
https://www.tripadvisor.com/Restaurant_Review-g304142-d23796676-Reviews-Let_s_Sea_Tangalle-Tangalle_Southern_Province.html,0
https://www.tripadvisor.com/Restaurant_Review-g304142-d17759148-Reviews-Banyan_Tree_Sea_Food_Restaurant-Tangalle_Southern_Province.html,0
https://www.tripadvisor.com/Restaurant_Review-g304142-d14931157-Reviews-The_Last_Drop-Tangalle_Southern_Province.html,0
https://www.tripadvisor.com/Restaurant_Review-g304142-d7228429-Reviews-Oceana_Beach_Cafe_and_Seafood_Restaurant-Tangalle_Southern_Province.html,0
https://www.tripadvisor.com/Restaurant_Review-g304142-d2041593-Reviews-Cactus_Lounge_Restaurant-Tangalle_Southern_Province.html,0
https://www.tripadvisor.com/Restaurant_Review-g304142-d11931546-Reviews-The_Lounge_Tangalle-Tangalle_Southern_Province.html,0
https://www.tripadvisor.com/Restaurant_Review-g304142-d2335372-Reviews-Sha_Sha_Seafood-Tangalle_Southern_Province.html,0
https://www.tripadvisor.com/Restaurant_Review-g304142-d6994952-Reviews-Break_Point_Cafe_Restaurant-Tangalle_Southern_Province.html,0
https://www.tripadvisor.com/Restaurant_Review-g304142-d3641636-Reviews-Turtle_Landing_Restaurant-Tangalle_Southern_Province.html,0
https://www.tripadvisor.com/Restaurant_Review-g304142-d13485107-Reviews-RedBeach_Cafe_Restaurant-Tangalle_Southern_Province.html,0
