https://www.tripadvisor.com/Restaurant_Review-g499079-d1206850-Reviews-The_Angler-Dehiwala_Mount_Lavinia_Western_Province.html,0
https://www.tripadvisor.com/Restaurant_Review-g16740785-d1133608-Reviews-Seafood_Cove-Mount_Lavinia_Dehiwala_Mount_Lavinia_Western_Province.html,0
https://www.tripadvisor.com/Restaurant_Review-g499079-d2443983-Reviews-Governor_s_Restaurant-Dehiwala_Mount_Lavinia_Western_Province.html,0
https://www.tripadvisor.com/Restaurant_Review-g499079-d5601882-Reviews-The_Shore_By_O-Dehiwala_Mount_Lavinia_Western_Province.html,0
https://www.tripadvisor.com/Restaurant_Review-g499079-d2483692-Reviews-The_Station-Dehiwala_Mount_Lavinia_Western_Province.html,0
https://www.tripadvisor.com/Restaurant_Review-g16740785-d27178130-Reviews-Colombo_Mount_Levinia-Mount_Lavinia_Dehiwala_Mount_Lavinia_Western_Province.html,0
https://www.tripadvisor.com/Restaurant_Review-g16740785-d26583700-Reviews-Dindigul_Thalappakatti_Restaurant-Mount_Lavinia_Dehiwala_Mount_Lavinia_Western.html,0
https://www.tripadvisor.com/Restaurant_Review-g499079-d1206850-Reviews-The_Angler-Dehiwala_Mount_Lavinia_Western_Province.html,0
https://www.tripadvisor.com/Restaurant_Review-g16740785-d1133608-Reviews-Seafood_Cove-Mount_Lavinia_Dehiwala_Mount_Lavinia_Western_Province.html,0
https://www.tripadvisor.com/Restaurant_Review-g499079-d2443983-Reviews-Governor_s_Restaurant-Dehiwala_Mount_Lavinia_Western_Province.html,0
https://www.tripadvisor.com/Restaurant_Review-g499079-d1143558-Reviews-LOON_TAO-Dehiwala_Mount_Lavinia_Western_Province.html,0
https://www.tripadvisor.com/Restaurant_Review-g499079-d5601882-Reviews-The_Shore_By_O-Dehiwala_Mount_Lavinia_Western_Province.html,0
https://www.tripadvisor.com/Restaurant_Review-g499079-d5262711-Reviews-Barracuda_Seafood_Grill-Dehiwala_Mount_Lavinia_Western_Province.html,0
https://www.tripadvisor.com/Restaurant_Review-g499079-d7315584-Reviews-Arthur_s_Pizza-Dehiwala_Mount_Lavinia_Western_Province.html,0
https://www.tripadvisor.com/Restaurant_Review-g499079-d13569565-Reviews-Sugar_Beach-Dehiwala_Mount_Lavinia_Western_Province.html,0
https://www.tripadvisor.com/Restaurant_Review-g499079-d7605706-Reviews-The_Terrace-Dehiwala_Mount_Lavinia_Western_Province.html,0
https://www.tripadvisor.com/Restaurant_Review-g499079-d8594809-Reviews-JoJo_s_Place-Dehiwala_Mount_Lavinia_Western_Province.html,0
https://www.tripadvisor.com/Restaurant_Review-g499079-d12871147-Reviews-Kanchi_s-Dehiwala_Mount_Lavinia_Western_Province.html,0
https://www.tripadvisor.com/Restaurant_Review-g499079-d14139003-Reviews-Smokey_s_Cafe-Dehiwala_Mount_Lavinia_Western_Province.html,0
https://www.tripadvisor.com/Restaurant_Review-g499079-d12154083-Reviews-Harpo_s_Pizza_Pasta-Dehiwala_Mount_Lavinia_Western_Province.html,0
https://www.tripadvisor.com/Restaurant_Review-g499079-d20104424-Reviews-Con_Amor-Dehiwala_Mount_Lavinia_Western_Province.html,0
https://www.tripadvisor.com/Restaurant_Review-g499079-d11959242-Reviews-The_RoadHouse-Dehiwala_Mount_Lavinia_Western_Province.html,0
https://www.tripadvisor.com/Restaurant_Review-g499079-d18923667-Reviews-The_Daily_Staple-Dehiwala_Mount_Lavinia_Western_Province.html,0
https://www.tripadvisor.com/Restaurant_Review-g499079-d12457375-Reviews-Bappa_S-Dehiwala_Mount_Lavinia_Western_Province.html,0
https://www.tripadvisor.com/Restaurant_Review-g499079-d23263998-Reviews-Copper_Lamp-Dehiwala_Mount_Lavinia_Western_Province.html,0
https://www.tripadvisor.com/Restaurant_Review-g499079-d17724012-Reviews-Urban_Eatery-Dehiwala_Mount_Lavinia_Western_Province.html,0
https://www.tripadvisor.com/Restaurant_Review-g12158396-d21283771-Reviews-Roo_s_Deli-Ratmalana_Dehiwala_Mount_Lavinia_Western_Province.html,0
https://www.tripadvisor.com/Restaurant_Review-g499079-d1206850-Reviews-The_Angler-Dehiwala_Mount_Lavinia_Western_Province.html,0
https://www.tripadvisor.com/Restaurant_Review-g499079-d2443983-Reviews-Governor_s_Restaurant-Dehiwala_Mount_Lavinia_Western_Province.html,0
https://www.tripadvisor.com/Restaurant_Review-g499079-d1143558-Reviews-LOON_TAO-Dehiwala_Mount_Lavinia_Western_Province.html,0
https://www.tripadvisor.com/Restaurant_Review-g499079-d5601882-Reviews-The_Shore_By_O-Dehiwala_Mount_Lavinia_Western_Province.html,0
https://www.tripadvisor.com/Restaurant_Review-g499079-d5262711-Reviews-Barracuda_Seafood_Grill-Dehiwala_Mount_Lavinia_Western_Province.html,0
https://www.tripadvisor.com/Restaurant_Review-g499079-d12154083-Reviews-Harpo_s_Pizza_Pasta-Dehiwala_Mount_Lavinia_Western_Province.html,0
https://www.tripadvisor.com/Restaurant_Review-g499079-d2483692-Reviews-The_Station-Dehiwala_Mount_Lavinia_Western_Province.html,0
https://www.tripadvisor.com/Restaurant_Review-g16740785-d25189635-Reviews-Olivia_Restaurant_And_Bar-Mount_Lavinia_Dehiwala_Mount_Lavinia_Western_Provinc.html,0
https://www.tripadvisor.com/Restaurant_Review-g499079-d14065095-Reviews-Habibiz_Sri_Lanka-Dehiwala_Mount_Lavinia_Western_Province.html,0
https://www.tripadvisor.com/Restaurant_Review-g12693209-d21259858-Reviews-MAMA_THAI-Dehiwala_Dehiwala_Mount_Lavinia_Western_Province.html,0
https://www.tripadvisor.com/Restaurant_Review-g499079-d1143558-Reviews-LOON_TAO-Dehiwala_Mount_Lavinia_Western_Province.html,0
https://www.tripadvisor.com/Restaurant_Review-g499079-d7315584-Reviews-Arthur_s_Pizza-Dehiwala_Mount_Lavinia_Western_Province.html,0
https://www.tripadvisor.com/Restaurant_Review-g499079-d12154083-Reviews-Harpo_s_Pizza_Pasta-Dehiwala_Mount_Lavinia_Western_Province.html,0
https://www.tripadvisor.com/Restaurant_Review-g12158396-d21283771-Reviews-Roo_s_Deli-Ratmalana_Dehiwala_Mount_Lavinia_Western_Province.html,0
https://www.tripadvisor.com/Restaurant_Review-g16740785-d26342886-Reviews-Mamma_Mia-Mount_Lavinia_Dehiwala_Mount_Lavinia_Western_Province.html,0
https://www.tripadvisor.com/Restaurant_Review-g16740785-d26772971-Reviews-Pizza_Hut_Mount_Lavinia-Mount_Lavinia_Dehiwala_Mount_Lavinia_Western_Province.html,0
https://www.tripadvisor.com/Restaurant_Review-g499079-d2322697-Reviews-Golden_Cabin-Dehiwala_Mount_Lavinia_Western_Province.html,0
https://www.tripadvisor.com/Restaurant_Review-g12693209-d23646144-Reviews-SFC_Southern_Fried_Chicken-Dehiwala_Dehiwala_Mount_Lavinia_Western_Province.html,0
https://www.tripadvisor.com/Restaurant_Review-g16740785-d21359571-Reviews-The_Fuel_Hub_Cafe-Mount_Lavinia_Dehiwala_Mount_Lavinia_Western_Province.html,0
https://www.tripadvisor.com/Restaurant_Review-g499079-d20242686-Reviews-The_Fish_and_Chips_Colombo-Dehiwala_Mount_Lavinia_Western_Province.html,0
https://www.tripadvisor.com/Restaurant_Review-g499079-d1206850-Reviews-The_Angler-Dehiwala_Mount_Lavinia_Western_Province.html,0
https://www.tripadvisor.com/Restaurant_Review-g16740785-d1133608-Reviews-Seafood_Cove-Mount_Lavinia_Dehiwala_Mount_Lavinia_Western_Province.html,0
https://www.tripadvisor.com/Restaurant_Review-g499079-d2443983-Reviews-Governor_s_Restaurant-Dehiwala_Mount_Lavinia_Western_Province.html,0
https://www.tripadvisor.com/Restaurant_Review-g499079-d1143558-Reviews-LOON_TAO-Dehiwala_Mount_Lavinia_Western_Province.html,0
https://www.tripadvisor.com/Restaurant_Review-g499079-d5601882-Reviews-The_Shore_By_O-Dehiwala_Mount_Lavinia_Western_Province.html,0
https://www.tripadvisor.com/Restaurant_Review-g499079-d13569565-Reviews-Sugar_Beach-Dehiwala_Mount_Lavinia_Western_Province.html,0
https://www.tripadvisor.com/Restaurant_Review-g499079-d7605706-Reviews-The_Terrace-Dehiwala_Mount_Lavinia_Western_Province.html,0
https://www.tripadvisor.com/Restaurant_Review-g499079-d8594809-Reviews-JoJo_s_Place-Dehiwala_Mount_Lavinia_Western_Province.html,0
https://www.tripadvisor.com/Restaurant_Review-g499079-d2483692-Reviews-The_Station-Dehiwala_Mount_Lavinia_Western_Province.html,0
https://www.tripadvisor.com/Restaurant_Review-g499079-d3777446-Reviews-Toby_s_Estate-Dehiwala_Mount_Lavinia_Western_Province.html,0
