https://www.tripadvisor.com/Restaurant_Review-g304141-d23986485-Reviews-Sigiri_Lion_face_Restaurant-Sigiriya_Central_Province.html,0
https://www.tripadvisor.com/Restaurant_Review-g304141-d15030705-Reviews-Cashew_Nuts_Restaurant_Sigiriya-Sigiriya_Central_Province.html,0
https://www.tripadvisor.com/Restaurant_Review-g304141-d14157186-Reviews-Makara_Chinese_Restaurant-Sigiriya_Central_Province.html,0
https://www.tripadvisor.com/Restaurant_Review-g304141-d3578377-Reviews-Lake_Side_Restaurant-Sigiriya_Central_Province.html,0
https://www.tripadvisor.com/Restaurant_Review-g304141-d14087998-Reviews-Jungle_Breeze-Sigiriya_Central_Province.html,0
https://www.tripadvisor.com/Restaurant_Review-g304141-d27102304-Reviews-MC_Cafe_Sigiriya-Sigiriya_Central_Province.html,0
https://www.tripadvisor.com/Restaurant_Review-g304141-d8835373-Reviews-Gamagedara_village_food-Sigiriya_Central_Province.html,0
https://www.tripadvisor.com/Restaurant_Review-g304141-d10635425-Reviews-Wijesiri_Family_Restaurant-Sigiriya_Central_Province.html,0
https://www.tripadvisor.com/Restaurant_Review-g304141-d8853144-Reviews-Pradeep_Resturant-Sigiriya_Central_Province.html,0
https://www.tripadvisor.com/Restaurant_Review-g304141-d4062850-Reviews-Ahinsa_Restaurant-Sigiriya_Central_Province.html,0
https://www.tripadvisor.com/Restaurant_Review-g304141-d6772214-Reviews-Shenadi_Restaurant-Sigiriya_Central_Province.html,0
https://www.tripadvisor.com/Restaurant_Review-g304141-d6549987-Reviews-Chooti_Restaurant-Sigiriya_Central_Province.html,0
https://www.tripadvisor.com/Restaurant_Review-g304141-d13135312-Reviews-Mango_Tree_Restaurant-Sigiriya_Central_Province.html,0
https://www.tripadvisor.com/Restaurant_Review-g304141-d9557972-Reviews-Sigiri_Nirwana_Restaurant-Sigiriya_Central_Province.html,0
https://www.tripadvisor.com/Restaurant_Review-g304141-d7777947-Reviews-Sheyan_Resto-Sigiriya_Central_Province.html,0
https://www.tripadvisor.com/Restaurant_Review-g304141-d16661109-Reviews-Sheyan_Resto_Cookery_Class_Sigiriya-Sigiriya_Central_Province.html,0
https://www.tripadvisor.com/Restaurant_Review-g304141-d13403450-Reviews-Cafe_Roy_s-Sigiriya_Central_Province.html,0
https://www.tripadvisor.com/Restaurant_Review-g304141-d10082619-Reviews-Lario_Resort-Sigiriya_Central_Province.html,0
https://www.tripadvisor.com/Restaurant_Review-g304141-d15094328-Reviews-Road_To_Rock_Shop_In_Cafe-Sigiriya_Central_Province.html,0
https://www.tripadvisor.com/Restaurant_Review-g304141-d16661109-Reviews-Sheyan_Resto_Cookery_Class_Sigiriya-Sigiriya_Central_Province.html,0
https://www.tripadvisor.com/Restaurant_Review-g304141-d20314644-Reviews-La_Dolce_Vita-Sigiriya_Central_Province.html,0
https://www.tripadvisor.com/Restaurant_Review-g304141-d7254239-Reviews-Green_Hut_Restaurant-Sigiriya_Central_Province.html,0
https://www.tripadvisor.com/Restaurant_Review-g304141-d5865885-Reviews-Rasta_Rant_Sigiriya-Sigiriya_Central_Province.html,0
https://www.tripadvisor.com/Restaurant_Review-g304141-d23859723-Reviews-Come_Taste_Restaurant_Sigiriya-Sigiriya_Central_Province.html,0
https://www.tripadvisor.com/Restaurant_Review-g304141-d26516235-Reviews-Seafood_Restaurant-Sigiriya_Central_Province.html,0
https://www.tripadvisor.com/Restaurant_Review-g304141-d13837644-Reviews-Into_The_Wild_Hotel_Restaurant-Sigiriya_Central_Province.html,0
https://www.tripadvisor.com/Restaurant_Review-g304141-d24038580-Reviews-S_L_Kafe-Sigiriya_Central_Province.html,0
https://www.tripadvisor.com/Restaurant_Review-g304141-d13135312-Reviews-Mango_Tree_Restaurant-Sigiriya_Central_Province.html,0
https://www.tripadvisor.com/Restaurant_Review-g304141-d23838105-Reviews-Sigiri_Liya_Rest-Sigiriya_Central_Province.html,0
https://www.tripadvisor.com/Restaurant_Review-g304141-d17796477-Reviews-Kenoli_restaurant-Sigiriya_Central_Province.html,0
https://www.tripadvisor.com/Restaurant_Review-g304141-d17660325-Reviews-Sigiriya_wew_Thawulla_Restaurant-Sigiriya_Central_Province.html,0
https://www.tripadvisor.com/Restaurant_Review-g304141-d10635425-Reviews-Wijesiri_Family_Restaurant-Sigiriya_Central_Province.html,0
https://www.tripadvisor.com/Restaurant_Review-g304141-d19244719-Reviews-One_More_Bite_Burgers-Sigiriya_Central_Province.html,0
https://www.tripadvisor.com/Restaurant_Review-g304141-d8835373-Reviews-Gamagedara_village_food-Sigiriya_Central_Province.html,0
https://www.tripadvisor.com/Restaurant_Review-g304141-d15049114-Reviews-Mom_s_Kitchen-Sigiriya_Central_Province.html,0
https://www.tripadvisor.com/Restaurant_Review-g304141-d8853144-Reviews-Pradeep_Resturant-Sigiriya_Central_Province.html,0
https://www.tripadvisor.com/Restaurant_Review-g304141-d23838105-Reviews-Sigiri_Liya_Rest-Sigiriya_Central_Province.html,0
https://www.tripadvisor.com/Restaurant_Review-g304141-d17796477-Reviews-Kenoli_restaurant-Sigiriya_Central_Province.html,0
https://www.tripadvisor.com/Restaurant_Review-g304141-d24038580-Reviews-S_L_Kafe-Sigiriya_Central_Province.html,0
https://www.tripadvisor.com/Restaurant_Review-g304141-d17660325-Reviews-Sigiriya_wew_Thawulla_Restaurant-Sigiriya_Central_Province.html,0
https://www.tripadvisor.com/Restaurant_Review-g304141-d13135312-Reviews-Mango_Tree_Restaurant-Sigiriya_Central_Province.html,0
https://www.tripadvisor.com/Restaurant_Review-g304141-d10635425-Reviews-Wijesiri_Family_Restaurant-Sigiriya_Central_Province.html,0
https://www.tripadvisor.com/Restaurant_Review-g304141-d8835373-Reviews-Gamagedara_village_food-Sigiriya_Central_Province.html,0
https://www.tripadvisor.com/Restaurant_Review-g304141-d10082619-Reviews-Lario_Resort-Sigiriya_Central_Province.html,0
https://www.tripadvisor.com/Restaurant_Review-g304141-d8853144-Reviews-Pradeep_Resturant-Sigiriya_Central_Province.html,0
https://www.tripadvisor.com/Restaurant_Review-g304141-d15049114-Reviews-Mom_s_Kitchen-Sigiriya_Central_Province.html,0
https://www.tripadvisor.com/Restaurant_Review-g304141-d13403450-Reviews-Cafe_Roy_s-Sigiriya_Central_Province.html,0
https://www.tripadvisor.com/Restaurant_Review-g304141-d7777947-Reviews-Sheyan_Resto-Sigiriya_Central_Province.html,0
https://www.tripadvisor.com/Restaurant_Review-g304141-d24897447-Reviews-Cappuccino_Bistro-Sigiriya_Central_Province.html,0
https://www.tripadvisor.com/Restaurant_Review-g304141-d26347666-Reviews-Chill_and_Hot_Restaurant-Sigiriya_Central_Province.html,0
https://www.tripadvisor.com/Restaurant_Review-g304141-d23837258-Reviews-Anu_s_Mom_Kitchen-Sigiriya_Central_Province.html,0
https://www.tripadvisor.com/Restaurant_Review-g304141-d25416826-Reviews-Sigiri_Midnight_Restaurant-Sigiriya_Central_Province.html,0
https://www.tripadvisor.com/Restaurant_Review-g304141-d23986485-Reviews-Sigiri_Lion_face_Restaurant-Sigiriya_Central_Province.html,0
https://www.tripadvisor.com/Restaurant_Review-g304141-d27137947-Reviews-Fika_Cafe_Sigiriya-Sigiriya_Central_Province.html,0
https://www.tripadvisor.com/Restaurant_Review-g304141-d27102304-Reviews-MC_Cafe_Sigiriya-Sigiriya_Central_Province.html,0
https://www.tripadvisor.com/Restaurant_Review-g304141-d27141570-Reviews-In_To_The_Wild_Restaurant_Sigiriya-Sigiriya_Central_Province.html,0
https://www.tripadvisor.com/Restaurant_Review-g304141-d17660325-Reviews-Sigiriya_wew_Thawulla_Restaurant-Sigiriya_Central_Province.html,0
https://www.tripadvisor.com/Restaurant_Review-g304141-d19244719-Reviews-One_More_Bite_Burgers-Sigiriya_Central_Province.html,0
https://www.tripadvisor.com/Restaurant_Review-g304141-d8835373-Reviews-Gamagedara_village_food-Sigiriya_Central_Province.html,0
https://www.tripadvisor.com/Restaurant_Review-g304141-d13403450-Reviews-Cafe_Roy_s-Sigiriya_Central_Province.html,0
https://www.tripadvisor.com/Restaurant_Review-g304141-d8853144-Reviews-Pradeep_Resturant-Sigiriya_Central_Province.html,0
https://www.tripadvisor.com/Restaurant_Review-g304141-d6549987-Reviews-Chooti_Restaurant-Sigiriya_Central_Province.html,0
https://www.tripadvisor.com/Restaurant_Review-g304141-d6772214-Reviews-Shenadi_Restaurant-Sigiriya_Central_Province.html,0
https://www.tripadvisor.com/Restaurant_Review-g304141-d4062850-Reviews-Ahinsa_Restaurant-Sigiriya_Central_Province.html,0
https://www.tripadvisor.com/Restaurant_Review-g304141-d10084279-Reviews-Ranithu_Restaurant-Sigiriya_Central_Province.html,0
https://www.tripadvisor.com/Restaurant_Review-g304141-d7254239-Reviews-Green_Hut_Restaurant-Sigiriya_Central_Province.html,0
