https://www.tripadvisor.com/Restaurant_Review-g608524-d7806480-Reviews-Barnes_Hall-Nuwara_Eliya_Central_Province.html,0
https://www.tripadvisor.com/Restaurant_Review-g608524-d3847440-Reviews-Magnolia_All_Day_Dining-Nuwara_Eliya_Central_Province.html,0
https://www.tripadvisor.com/Restaurant_Review-g608524-d1135038-Reviews-Tea_Factory_Hotel_Restaurant-Nuwara_Eliya_Central_Province.html,0
https://www.tripadvisor.com/Restaurant_Review-g608524-d15218500-Reviews-Grand_Dewasiri_Cottage_And_Sea_Food_Restaurant-Nuwara_Eliya_Central_Province.html,0
https://www.tripadvisor.com/Restaurant_Review-g608524-d3952796-Reviews-Sri_Ambaal-Nuwara_Eliya_Central_Province.html,0
https://www.tripadvisor.com/Restaurant_Review-g608524-d6778591-Reviews-Queenswood_Restaurant-Nuwara_Eliya_Central_Province.html,0
https://www.tripadvisor.com/Restaurant_Review-g608524-d1135027-Reviews-De_Silva_Food_Centre-Nuwara_Eliya_Central_Province.html,0
https://www.tripadvisor.com/Restaurant_Review-g608524-d4455612-Reviews-Restaurant_Two-Nuwara_Eliya_Central_Province.html,0
https://www.tripadvisor.com/Restaurant_Review-g608524-d4084593-Reviews-Cool_Feel_Rest-Nuwara_Eliya_Central_Province.html,0
https://www.tripadvisor.com/Restaurant_Review-g608524-d15578642-Reviews-Restaurant_Guru-Nuwara_Eliya_Central_Province.html,0
https://www.tripadvisor.com/Restaurant_Review-g608524-d1135029-Reviews-Grand_Indian-Nuwara_Eliya_Central_Province.html,0
https://www.tripadvisor.com/Restaurant_Review-g608524-d10164813-Reviews-Tea_Lounge-Nuwara_Eliya_Central_Province.html,0
https://www.tripadvisor.com/Restaurant_Review-g608524-d7177158-Reviews-Grand_Thai-Nuwara_Eliya_Central_Province.html,0
https://www.tripadvisor.com/Restaurant_Review-g608524-d25300322-Reviews-Chill_Ramboda-Nuwara_Eliya_Central_Province.html,0
https://www.tripadvisor.com/Restaurant_Review-g608524-d3847440-Reviews-Magnolia_All_Day_Dining-Nuwara_Eliya_Central_Province.html,0
https://www.tripadvisor.com/Restaurant_Review-g608524-d7234546-Reviews-The_Grand_Cafe-Nuwara_Eliya_Central_Province.html,0
https://www.tripadvisor.com/Restaurant_Review-g608524-d17343476-Reviews-The_Sackville-Nuwara_Eliya_Central_Province.html,0
https://www.tripadvisor.com/Restaurant_Review-g608524-d3410556-Reviews-Salmiya-Nuwara_Eliya_Central_Province.html,0
https://www.tripadvisor.com/Restaurant_Review-g608524-d1135030-Reviews-Hill_Club_Restaurant-Nuwara_Eliya_Central_Province.html,0
https://www.tripadvisor.com/Restaurant_Review-g608524-d15218500-Reviews-Grand_Dewasiri_Cottage_And_Sea_Food_Restaurant-Nuwara_Eliya_Central_Province.html,0
https://www.tripadvisor.com/Restaurant_Review-g608524-d14843731-Reviews-Themparadu-Nuwara_Eliya_Central_Province.html,0
https://www.tripadvisor.com/Restaurant_Review-g608524-d14843731-Reviews-Themparadu-Nuwara_Eliya_Central_Province.html,0
https://www.tripadvisor.com/Restaurant_Review-g608524-d23369442-Reviews-Cafe_Noshers-Nuwara_Eliya_Central_Province.html,0
https://www.tripadvisor.com/Restaurant_Review-g608524-d3952796-Reviews-Sri_Ambaal-Nuwara_Eliya_Central_Province.html,0
https://www.tripadvisor.com/Restaurant_Review-g608524-d12944012-Reviews-Edinburgh_TEA_TRAIN-Nuwara_Eliya_Central_Province.html,0
https://www.tripadvisor.com/Restaurant_Review-g608524-d15105222-Reviews-Ayurveda_Coffee_Shop-Nuwara_Eliya_Central_Province.html,0
https://www.tripadvisor.com/Restaurant_Review-g608524-d20291937-Reviews-Dushan_s_Home_Kitchen-Nuwara_Eliya_Central_Province.html,0
https://www.tripadvisor.com/Restaurant_Review-g608524-d14033303-Reviews-Hela_Boujun_Hala-Nuwara_Eliya_Central_Province.html,0
https://www.tripadvisor.com/Restaurant_Review-g608524-d1135027-Reviews-De_Silva_Food_Centre-Nuwara_Eliya_Central_Province.html,0
https://www.tripadvisor.com/Restaurant_Review-g608524-d7366264-Reviews-Thaj_Hotel_Bakers-Nuwara_Eliya_Central_Province.html,0
https://www.tripadvisor.com/Restaurant_Review-g608524-d6102629-Reviews-Remarko-Nuwara_Eliya_Central_Province.html,0
https://www.tripadvisor.com/Restaurant_Review-g608524-d25300322-Reviews-Chill_Ramboda-Nuwara_Eliya_Central_Province.html,0
https://www.tripadvisor.com/Restaurant_Review-g608524-d7177158-Reviews-Grand_Thai-Nuwara_Eliya_Central_Province.html,0
https://www.tripadvisor.com/Restaurant_Review-g608524-d7806480-Reviews-Barnes_Hall-Nuwara_Eliya_Central_Province.html,0
https://www.tripadvisor.com/Restaurant_Review-g608524-d1135029-Reviews-Grand_Indian-Nuwara_Eliya_Central_Province.html,0
https://www.tripadvisor.com/Restaurant_Review-g608524-d3847440-Reviews-Magnolia_All_Day_Dining-Nuwara_Eliya_Central_Province.html,0
https://www.tripadvisor.com/Restaurant_Review-g608524-d14843731-Reviews-Themparadu-Nuwara_Eliya_Central_Province.html,0
https://www.tripadvisor.com/Restaurant_Review-g608524-d17343476-Reviews-The_Sackville-Nuwara_Eliya_Central_Province.html,0
https://www.tripadvisor.com/Restaurant_Review-g608524-d3410556-Reviews-Salmiya-Nuwara_Eliya_Central_Province.html,0
https://www.tripadvisor.com/Restaurant_Review-g608524-d10164813-Reviews-Tea_Lounge-Nuwara_Eliya_Central_Province.html,0
https://www.tripadvisor.com/Restaurant_Review-g608524-d15218500-Reviews-Grand_Dewasiri_Cottage_And_Sea_Food_Restaurant-Nuwara_Eliya_Central_Province.html,0
https://www.tripadvisor.com/Restaurant_Review-g608524-d3410556-Reviews-Salmiya-Nuwara_Eliya_Central_Province.html,0
https://www.tripadvisor.com/Restaurant_Review-g608524-d23369442-Reviews-Cafe_Noshers-Nuwara_Eliya_Central_Province.html,0
https://www.tripadvisor.com/Restaurant_Review-g608524-d15578642-Reviews-Restaurant_Guru-Nuwara_Eliya_Central_Province.html,0
https://www.tripadvisor.com/Restaurant_Review-g608524-d15737343-Reviews-Country_House_Restaurant_at_Trevene_s-Nuwara_Eliya_Central_Province.html,0
https://www.tripadvisor.com/Restaurant_Review-g608524-d25570865-Reviews-Frostbite-Nuwara_Eliya_Central_Province.html,0
https://www.tripadvisor.com/Restaurant_Review-g608524-d11957771-Reviews-The_Golf_Green_City_bungalow-Nuwara_Eliya_Central_Province.html,0
https://www.tripadvisor.com/Restaurant_Review-g608524-d26822739-Reviews-New_moonlight_seafood_Restaurant-Nuwara_Eliya_Central_Province.html,0
https://www.tripadvisor.com/Restaurant_Review-g608524-d23645080-Reviews-The_Grill_By_Master_Made-Nuwara_Eliya_Central_Province.html,0
https://www.tripadvisor.com/Restaurant_Review-g608524-d15543007-Reviews-The_Cafe_By_The_Mount_Star-Nuwara_Eliya_Central_Province.html,0
https://www.tripadvisor.com/Restaurant_Review-g608524-d15113684-Reviews-Pizza_Hut-Nuwara_Eliya_Central_Province.html,0
https://www.tripadvisor.com/Restaurant_Review-g608524-d15737343-Reviews-Country_House_Restaurant_at_Trevene_s-Nuwara_Eliya_Central_Province.html,0
https://www.tripadvisor.com/Restaurant_Review-g608524-d7177158-Reviews-Grand_Thai-Nuwara_Eliya_Central_Province.html,0
https://www.tripadvisor.com/Restaurant_Review-g608524-d7806480-Reviews-Barnes_Hall-Nuwara_Eliya_Central_Province.html,0
https://www.tripadvisor.com/Restaurant_Review-g608524-d7234546-Reviews-The_Grand_Cafe-Nuwara_Eliya_Central_Province.html,0
https://www.tripadvisor.com/Restaurant_Review-g608524-d14843731-Reviews-Themparadu-Nuwara_Eliya_Central_Province.html,0
https://www.tripadvisor.com/Restaurant_Review-g608524-d15218500-Reviews-Grand_Dewasiri_Cottage_And_Sea_Food_Restaurant-Nuwara_Eliya_Central_Province.html,0
https://www.tripadvisor.com/Restaurant_Review-g608524-d8782884-Reviews-Mackwoods_Tea-Nuwara_Eliya_Central_Province.html,0
https://www.tripadvisor.com/Restaurant_Review-g608524-d15578642-Reviews-Restaurant_Guru-Nuwara_Eliya_Central_Province.html,0
https://www.tripadvisor.com/Restaurant_Review-g608524-d15105222-Reviews-Ayurveda_Coffee_Shop-Nuwara_Eliya_Central_Province.html,0
https://www.tripadvisor.com/Restaurant_Review-g608524-d3858911-Reviews-Tea_Bush_Ramboda-Nuwara_Eliya_Central_Province.html,0
https://www.tripadvisor.com/Restaurant_Review-g608524-d15737343-Reviews-Country_House_Restaurant_at_Trevene_s-Nuwara_Eliya_Central_Province.html,0
