https://www.tripadvisor.com/Restaurant_Review-g304138-d7256943-Reviews-Theva_Cuisine-Kandy_Kandy_District_Central_Province.html,0
https://www.tripadvisor.com/Restaurant_Review-g304138-d23728227-Reviews-Mystery_Meat-Kandy_Kandy_District_Central_Province.html,0
https://www.tripadvisor.com/Restaurant_Review-g304138-d8621956-Reviews-The_Kandy_House-Kandy_Kandy_District_Central_Province.html,0
https://www.tripadvisor.com/Restaurant_Review-g304138-d13316202-Reviews-Brix-Kandy_Kandy_District_Central_Province.html,0
https://www.tripadvisor.com/Restaurant_Review-g304138-d9756640-Reviews-Samadhi_Restaurant_Gallery-Kandy_Kandy_District_Central_Province.html,0
https://www.tripadvisor.com/Restaurant_Review-g304138-d15004216-Reviews-Tasty_King_Food_Court-Kandy_Kandy_District_Central_Province.html,0
https://www.tripadvisor.com/Restaurant_Review-g304138-d26245060-Reviews-The_Golden_Curry_Restaurant-Kandy_Kandy_District_Central_Province.html,0
https://www.tripadvisor.com/Restaurant_Review-g304138-d26244135-Reviews-Lion_Brand_Coffee_Bakery-Kandy_Kandy_District_Central_Province.html,0
https://www.tripadvisor.com/Restaurant_Review-g304138-d25332698-Reviews-Dhawalagiri_1934-Kandy_Kandy_District_Central_Province.html,0
https://www.tripadvisor.com/Restaurant_Review-g304138-d16657186-Reviews-Cafe_De_Glory-Kandy_Kandy_District_Central_Province.html,0
https://www.tripadvisor.com/Restaurant_Review-g304138-d15100270-Reviews-Sri_Krishna_Dosai-Kandy_Kandy_District_Central_Province.html,0
https://www.tripadvisor.com/Restaurant_Review-g304138-d1134977-Reviews-Sharon_Inn-Kandy_Kandy_District_Central_Province.html,0
https://www.tripadvisor.com/Restaurant_Review-g304138-d10458165-Reviews-Cooking_Class_at_Thotupola_Residence-Kandy_Kandy_District_Central_Province.html,0
https://www.tripadvisor.com/Restaurant_Review-g304138-d2057786-Reviews-The_Kandy_Garden_Cafe-Kandy_Kandy_District_Central_Province.html,0
https://www.tripadvisor.com/Restaurant_Review-g304138-d7256943-Reviews-Theva_Cuisine-Kandy_Kandy_District_Central_Province.html,0
https://www.tripadvisor.com/Restaurant_Review-g304138-d3611588-Reviews-Royal_Bar_Hotel_Restaurant-Kandy_Kandy_District_Central_Province.html,0
https://www.tripadvisor.com/Restaurant_Review-g304138-d4133691-Reviews-Honeypot_Restaurant_Guest_House-Kandy_Kandy_District_Central_Province.html,0
https://www.tripadvisor.com/Restaurant_Review-g304138-d15180264-Reviews-Hela_Bojun_Hala-Kandy_Kandy_District_Central_Province.html,0
https://www.tripadvisor.com/Restaurant_Review-g304138-d2703089-Reviews-Kandyan_Muslim_Hotel-Kandy_Kandy_District_Central_Province.html,0
https://www.tripadvisor.com/Restaurant_Review-g304138-d11832680-Reviews-Cafe_Divine_Street-Kandy_Kandy_District_Central_Province.html,0
https://www.tripadvisor.com/Restaurant_Review-g304138-d25284755-Reviews-The_Empire_Cafe-Kandy_Kandy_District_Central_Province.html,0
https://www.tripadvisor.com/Restaurant_Review-g304138-d1134977-Reviews-Sharon_Inn-Kandy_Kandy_District_Central_Province.html,0
https://www.tripadvisor.com/Restaurant_Review-g304138-d7720978-Reviews-Licensed_To_Grill-Kandy_Kandy_District_Central_Province.html,0
https://www.tripadvisor.com/Restaurant_Review-g304138-d13219725-Reviews-Sala_Thai-Kandy_Kandy_District_Central_Province.html,0
https://www.tripadvisor.com/Restaurant_Review-g304138-d2418376-Reviews-Slightly_Chilled_Lounge_Sunset_Bar-Kandy_Kandy_District_Central_Province.html,0
https://www.tripadvisor.com/Restaurant_Review-g304138-d10458165-Reviews-Cooking_Class_at_Thotupola_Residence-Kandy_Kandy_District_Central_Province.html,0
https://www.tripadvisor.com/Restaurant_Review-g304138-d4881287-Reviews-Natural_Coffee-Kandy_Kandy_District_Central_Province.html,0
https://www.tripadvisor.com/Restaurant_Review-g304138-d10748383-Reviews-Worldspice-Kandy_Kandy_District_Central_Province.html,0
https://www.tripadvisor.com/Restaurant_Review-g304138-d2662442-Reviews-Senani_BY_Oak_ray_Restaurant_Bar-Kandy_Kandy_District_Central_Province.html,0
https://www.tripadvisor.com/Restaurant_Review-g304138-d6405495-Reviews-Hotel_Mango_Garden_And_Rastaurant-Kandy_Kandy_District_Central_Province.html,0
https://www.tripadvisor.com/Restaurant_Review-g304138-d12994881-Reviews-Cafe_Banana_Chill-Kandy_Kandy_District_Central_Province.html,0
https://www.tripadvisor.com/Restaurant_Review-g304138-d9562131-Reviews-Cool_Corner_Fried_Ice_Cream_Parlor-Kandy_Kandy_District_Central_Province.html,0
https://www.tripadvisor.com/Restaurant_Review-g304138-d13551312-Reviews-Vito_Wood_Fired_Pizza-Kandy_Kandy_District_Central_Province.html,0
https://www.tripadvisor.com/Restaurant_Review-g304138-d11694327-Reviews-Buono-Kandy_Kandy_District_Central_Province.html,0
https://www.tripadvisor.com/Restaurant_Review-g304138-d13427841-Reviews-Hideout_Lounge-Kandy_Kandy_District_Central_Province.html,0
https://www.tripadvisor.com/Restaurant_Review-g304138-d15100270-Reviews-Sri_Krishna_Dosai-Kandy_Kandy_District_Central_Province.html,0
https://www.tripadvisor.com/Restaurant_Review-g304138-d12309192-Reviews-Cafe_Secret_Alley-Kandy_Kandy_District_Central_Province.html,0
https://www.tripadvisor.com/Restaurant_Review-g304138-d16724326-Reviews-La_Mulberry-Kandy_Kandy_District_Central_Province.html,0
https://www.tripadvisor.com/Restaurant_Review-g304138-d19494382-Reviews-The_Grill_House-Kandy_Kandy_District_Central_Province.html,0
https://www.tripadvisor.com/Restaurant_Review-g304138-d3911671-Reviews-Balaji_Dosai-Kandy_Kandy_District_Central_Province.html,0
https://www.tripadvisor.com/Restaurant_Review-g304138-d25284755-Reviews-The_Empire_Cafe-Kandy_Kandy_District_Central_Province.html,0
https://www.tripadvisor.com/Restaurant_Review-g304138-d15100270-Reviews-Sri_Krishna_Dosai-Kandy_Kandy_District_Central_Province.html,0
https://www.tripadvisor.com/Restaurant_Review-g304138-d13551312-Reviews-Vito_Wood_Fired_Pizza-Kandy_Kandy_District_Central_Province.html,0
https://www.tripadvisor.com/Restaurant_Review-g304138-d11694327-Reviews-Buono-Kandy_Kandy_District_Central_Province.html,0
https://www.tripadvisor.com/Restaurant_Review-g304138-d3911671-Reviews-Balaji_Dosai-Kandy_Kandy_District_Central_Province.html,0
https://www.tripadvisor.com/Restaurant_Review-g304138-d16724326-Reviews-La_Mulberry-Kandy_Kandy_District_Central_Province.html,0
https://www.tripadvisor.com/Restaurant_Review-g304138-d10458165-Reviews-Cooking_Class_at_Thotupola_Residence-Kandy_Kandy_District_Central_Province.html,0
https://www.tripadvisor.com/Restaurant_Review-g304138-d12309192-Reviews-Cafe_Secret_Alley-Kandy_Kandy_District_Central_Province.html,0
https://www.tripadvisor.com/Restaurant_Review-g304138-d7256943-Reviews-Theva_Cuisine-Kandy_Kandy_District_Central_Province.html,0
https://www.tripadvisor.com/Restaurant_Review-g304138-d2057786-Reviews-The_Kandy_Garden_Cafe-Kandy_Kandy_District_Central_Province.html,0
https://www.tripadvisor.com/Restaurant_Review-g304138-d25284755-Reviews-The_Empire_Cafe-Kandy_Kandy_District_Central_Province.html,0
https://www.tripadvisor.com/Restaurant_Review-g304138-d15100270-Reviews-Sri_Krishna_Dosai-Kandy_Kandy_District_Central_Province.html,0
https://www.tripadvisor.com/Restaurant_Review-g304138-d16724326-Reviews-La_Mulberry-Kandy_Kandy_District_Central_Province.html,0
https://www.tripadvisor.com/Restaurant_Review-g304138-d6405495-Reviews-Hotel_Mango_Garden_And_Rastaurant-Kandy_Kandy_District_Central_Province.html,0
https://www.tripadvisor.com/Restaurant_Review-g304138-d14925048-Reviews-Cafe_1886_by_Salgado_Bakers-Kandy_Kandy_District_Central_Province.html,0
https://www.tripadvisor.com/Restaurant_Review-g304138-d19274158-Reviews-Da_Mario_Kandy_Oven_Pizza-Kandy_Kandy_District_Central_Province.html,0
https://www.tripadvisor.com/Restaurant_Review-g304138-d25448261-Reviews-The_Blizz_Cafe-Kandy_Kandy_District_Central_Province.html,0
https://www.tripadvisor.com/Restaurant_Review-g304138-d17288429-Reviews-Indian_Summer-Kandy_Kandy_District_Central_Province.html,0
https://www.tripadvisor.com/Restaurant_Review-g304138-d795233-Reviews-Pizza_Hut-Kandy_Kandy_District_Central_Province.html,0
https://www.tripadvisor.com/Restaurant_Review-g304138-d15237512-Reviews-Route_66_Sri_Lanka-Kandy_Kandy_District_Central_Province.html,0
https://www.tripadvisor.com/Restaurant_Review-g304138-d13551312-Reviews-Vito_Wood_Fired_Pizza-Kandy_Kandy_District_Central_Province.html,0
https://www.tripadvisor.com/Restaurant_Review-g304138-d11694327-Reviews-Buono-Kandy_Kandy_District_Central_Province.html,0
https://www.tripadvisor.com/Restaurant_Review-g304138-d25284755-Reviews-The_Empire_Cafe-Kandy_Kandy_District_Central_Province.html,0
https://www.tripadvisor.com/Restaurant_Review-g304138-d1134977-Reviews-Sharon_Inn-Kandy_Kandy_District_Central_Province.html,0
https://www.tripadvisor.com/Restaurant_Review-g304138-d7720978-Reviews-Licensed_To_Grill-Kandy_Kandy_District_Central_Province.html,0
https://www.tripadvisor.com/Restaurant_Review-g304138-d2418376-Reviews-Slightly_Chilled_Lounge_Sunset_Bar-Kandy_Kandy_District_Central_Province.html,0
https://www.tripadvisor.com/Restaurant_Review-g304138-d7256943-Reviews-Theva_Cuisine-Kandy_Kandy_District_Central_Province.html,0
https://www.tripadvisor.com/Restaurant_Review-g304138-d10458165-Reviews-Cooking_Class_at_Thotupola_Residence-Kandy_Kandy_District_Central_Province.html,0
https://www.tripadvisor.com/Restaurant_Review-g304138-d2662442-Reviews-Senani_BY_Oak_ray_Restaurant_Bar-Kandy_Kandy_District_Central_Province.html,0
https://www.tripadvisor.com/Restaurant_Review-g304138-d19839180-Reviews-Soul_Food-Kandy_Kandy_District_Central_Province.html,0
